Record Length,2.500000e+03,,   0.000310000000,   2.60000,
Sample Interval,1.000000e-06,,   0.000311000000,   2.60000,
Trigger Point,-3.100000000000e+02,,   0.000312000000,   2.60000,
,,,   0.000313000000,   2.60000,
,,,   0.000314000000,   2.60000,
,,,   0.000315000000,   2.60000,
Source,CH1,,   0.000316000000,   2.56000,
Vertical Units,V,,   0.000317000000,   2.60000,
Vertical Scale,1.000000e+00,,   0.000318000000,   2.60000,
Vertical Offset,0.000000e+00,,   0.000319000000,   2.60000,
Horizontal Units,s,,   0.000320000000,   2.60000,
Horizontal Scale,2.500000e-04,,   0.000321000000,   2.60000,
Pt Fmt,Y,,   0.000322000000,   2.60000,
Yzero,0.000000e+00,,   0.000323000000,   2.60000,
Probe Atten,1.000000e+00,,   0.000324000000,   2.60000,
Model Number,TDS1001B,,   0.000325000000,   2.64000,
Serial Number,C051164,,   0.000326000000,   2.60000,
Firmware Version,FV:v22.01,,   0.000327000000,   2.60000,
,,,0.000328000000,   2.64000,
,,,0.000329000000,   2.60000,
,,,0.000330000000,   2.64000,
,,,0.000331000000,   2.64000,
,,,0.000332000000,   2.60000,
,,,0.000333000000,   2.64000,
,,,0.000334000000,   2.60000,
,,,0.000335000000,   2.64000,
,,,0.000336000000,   2.64000,
,,,0.000337000000,   2.64000,
,,,0.000338000000,   2.64000,
,,,0.000339000000,   2.64000,
,,,0.000340000000,   2.64000,
,,,0.000341000000,   2.64000,
,,,0.000342000000,   2.64000,
,,,0.000343000000,   2.64000,
,,,0.000344000000,   2.64000,
,,,0.000345000000,   2.64000,
,,,0.000346000000,   2.64000,
,,,0.000347000000,   2.64000,
,,,0.000348000000,   2.64000,
,,,0.000349000000,   2.64000,
,,,0.000350000000,   2.64000,
,,,0.000351000000,   2.64000,
,,,0.000352000000,   2.64000,
,,,0.000353000000,   2.64000,
,,,0.000354000000,   2.64000,
,,,0.000355000000,   2.68000,
,,,0.000356000000,   2.68000,
,,,0.000357000000,   2.68000,
,,,0.000358000000,   2.64000,
,,,0.000359000000,   2.64000,
,,,0.000360000000,   2.68000,
,,,0.000361000000,   2.68000,
,,,0.000362000000,   2.64000,
,,,0.000363000000,   2.68000,
,,,0.000364000000,   2.68000,
,,,0.000365000000,   2.68000,
,,,0.000366000000,   2.68000,
,,,0.000367000000,   2.68000,
,,,0.000368000000,   2.68000,
,,,0.000369000000,   2.68000,
,,,0.000370000000,   2.68000,
,,,0.000371000000,   2.68000,
,,,0.000372000000,   2.68000,
,,,0.000373000000,   2.68000,
,,,0.000374000000,   2.68000,
,,,0.000375000000,   2.68000,
,,,0.000376000000,   2.68000,
,,,0.000377000000,   2.68000,
,,,0.000378000000,   2.72000,
,,,0.000379000000,   2.68000,
,,,0.000380000000,   2.68000,
,,,0.000381000000,   2.68000,
,,,0.000382000000,   2.68000,
,,,0.000383000000,   2.68000,
,,,0.000384000000,   2.68000,
,,,0.000385000000,   2.72000,
,,,0.000386000000,   2.72000,
,,,0.000387000000,   2.72000,
,,,0.000388000000,   2.72000,
,,,0.000389000000,   2.72000,
,,,0.000390000000,   2.68000,
,,,0.000391000000,   2.72000,
,,,0.000392000000,   2.72000,
,,,0.000393000000,   2.72000,
,,,0.000394000000,   2.72000,
,,,0.000395000000,   2.72000,
,,,0.000396000000,   2.72000,
,,,0.000397000000,   2.72000,
,,,0.000398000000,   2.72000,
,,,0.000399000000,   2.72000,
,,,0.000400000000,   2.72000,
,,,0.000401000000,   2.72000,
,,,0.000402000000,   2.72000,
,,,0.000403000000,   2.72000,
,,,0.000404000000,   2.72000,
,,,0.000405000000,   2.76000,
,,,0.000406000000,   2.72000,
,,,0.000407000000,   2.72000,
,,,0.000408000000,   2.72000,
,,,0.000409000000,   2.72000,
,,,0.000410000000,   2.72000,
,,,0.000411000000,   2.72000,
,,,0.000412000000,   2.76000,
,,,0.000413000000,   2.76000,
,,,0.000414000000,   2.76000,
,,,0.000415000000,   2.72000,
,,,0.000416000000,   2.76000,
,,,0.000417000000,   2.76000,
,,,0.000418000000,   2.76000,
,,,0.000419000000,   2.76000,
,,,0.000420000000,   2.76000,
,,,0.000421000000,   2.76000,
,,,0.000422000000,   2.76000,
,,,0.000423000000,   2.76000,
,,,0.000424000000,   2.76000,
,,,0.000425000000,   2.76000,
,,,0.000426000000,   2.76000,
,,,0.000427000000,   2.76000,
,,,0.000428000000,   2.76000,
,,,0.000429000000,   2.76000,
,,,0.000430000000,   2.76000,
,,,0.000431000000,   2.76000,
,,,0.000432000000,   2.76000,
,,,0.000433000000,   2.76000,
,,,0.000434000000,   2.76000,
,,,0.000435000000,   2.76000,
,,,0.000436000000,   2.76000,
,,,0.000437000000,   2.76000,
,,,0.000438000000,   2.76000,
,,,0.000439000000,   2.76000,
,,,0.000440000000,   2.76000,
,,,0.000441000000,   2.76000,
,,,0.000442000000,   2.76000,
,,,0.000443000000,   2.80000,
,,,0.000444000000,   2.76000,
,,,0.000445000000,   2.80000,
,,,0.000446000000,   2.76000,
,,,0.000447000000,   2.76000,
,,,0.000448000000,   2.80000,
,,,0.000449000000,   2.80000,
,,,0.000450000000,   2.80000,
,,,0.000451000000,   2.76000,
,,,0.000452000000,   2.80000,
,,,0.000453000000,   2.80000,
,,,0.000454000000,   2.80000,
,,,0.000455000000,   2.80000,
,,,0.000456000000,   2.80000,
,,,0.000457000000,   2.80000,
,,,0.000458000000,   2.80000,
,,,0.000459000000,   2.80000,
,,,0.000460000000,   2.80000,
,,,0.000461000000,   2.80000,
,,,0.000462000000,   2.80000,
,,,0.000463000000,   2.80000,
,,,0.000464000000,   2.80000,
,,,0.000465000000,   2.80000,
,,,0.000466000000,   2.80000,
,,,0.000467000000,   2.80000,
,,,0.000468000000,   2.80000,
,,,0.000469000000,   2.84000,
,,,0.000470000000,   2.84000,
,,,0.000471000000,   2.80000,
,,,0.000472000000,   2.80000,
,,,0.000473000000,   2.80000,
,,,0.000474000000,   2.84000,
,,,0.000475000000,   2.84000,
,,,0.000476000000,   2.80000,
,,,0.000477000000,   2.80000,
,,,0.000478000000,   2.84000,
,,,0.000479000000,   2.84000,
,,,0.000480000000,   2.80000,
,,,0.000481000000,   2.84000,
,,,0.000482000000,   2.84000,
,,,0.000483000000,   2.84000,
,,,0.000484000000,   2.80000,
,,,0.000485000000,   2.84000,
,,,0.000486000000,   2.84000,
,,,0.000487000000,   2.84000,
,,,0.000488000000,   2.84000,
,,,0.000489000000,   2.84000,
,,,0.000490000000,   2.84000,
,,,0.000491000000,   2.84000,
,,,0.000492000000,   2.84000,
,,,0.000493000000,   2.84000,
,,,0.000494000000,   2.84000,
,,,0.000495000000,   2.84000,
,,,0.000496000000,   2.88000,
,,,0.000497000000,   2.84000,
,,,0.000498000000,   2.88000,
,,,0.000499000000,   2.84000,
,,,0.000500000000,   2.88000,
,,,0.000501000000,   2.84000,
,,,0.000502000000,   2.88000,
,,,0.000503000000,   2.84000,
,,,0.000504000000,   2.88000,
,,,0.000505000000,   2.88000,
,,,0.000506000000,   2.88000,
,,,0.000507000000,   2.88000,
,,,0.000508000000,   2.88000,
,,,0.000509000000,   2.88000,
,,,0.000510000000,   2.88000,
,,,0.000511000000,   2.88000,
,,,0.000512000000,   2.88000,
,,,0.000513000000,   2.88000,
,,,0.000514000000,   2.88000,
,,,0.000515000000,   2.88000,
,,,0.000516000000,   2.88000,
,,,0.000517000000,   2.84000,
,,,0.000518000000,   2.88000,
,,,0.000519000000,   2.88000,
,,,0.000520000000,   2.88000,
,,,0.000521000000,   2.88000,
,,,0.000522000000,   2.88000,
,,,0.000523000000,   2.88000,
,,,0.000524000000,   2.88000,
,,,0.000525000000,   2.88000,
,,,0.000526000000,   2.88000,
,,,0.000527000000,   2.88000,
,,,0.000528000000,   2.88000,
,,,0.000529000000,   2.88000,
,,,0.000530000000,   2.88000,
,,,0.000531000000,   2.88000,
,,,0.000532000000,   2.88000,
,,,0.000533000000,   2.88000,
,,,0.000534000000,   2.88000,
,,,0.000535000000,   2.92000,
,,,0.000536000000,   2.88000,
,,,0.000537000000,   2.92000,
,,,0.000538000000,   2.92000,
,,,0.000539000000,   2.88000,
,,,0.000540000000,   2.92000,
,,,0.000541000000,   2.88000,
,,,0.000542000000,   2.88000,
,,,0.000543000000,   2.88000,
,,,0.000544000000,   2.92000,
,,,0.000545000000,   2.88000,
,,,0.000546000000,   2.92000,
,,,0.000547000000,   2.88000,
,,,0.000548000000,   2.88000,
,,,0.000549000000,   2.88000,
,,,0.000550000000,   2.88000,
,,,0.000551000000,   2.92000,
,,,0.000552000000,   2.92000,
,,,0.000553000000,   2.92000,
,,,0.000554000000,   2.88000,
,,,0.000555000000,   2.92000,
,,,0.000556000000,   2.92000,
,,,0.000557000000,   2.92000,
,,,0.000558000000,   2.92000,
,,,0.000559000000,   2.88000,
,,,0.000560000000,   2.92000,
,,,0.000561000000,   2.92000,
,,,0.000562000000,   2.92000,
,,,0.000563000000,   2.92000,
,,,0.000564000000,   2.92000,
,,,0.000565000000,   2.92000,
,,,0.000566000000,   2.92000,
,,,0.000567000000,   2.92000,
,,,0.000568000000,   2.92000,
,,,0.000569000000,   2.92000,
,,,0.000570000000,   2.92000,
,,,0.000571000000,   2.92000,
,,,0.000572000000,   2.92000,
,,,0.000573000000,   2.92000,
,,,0.000574000000,   2.92000,
,,,0.000575000000,   2.92000,
,,,0.000576000000,   2.92000,
,,,0.000577000000,   2.92000,
,,,0.000578000000,   2.92000,
,,,0.000579000000,   2.92000,
,,,0.000580000000,   2.92000,
,,,0.000581000000,   2.92000,
,,,0.000582000000,   2.92000,
,,,0.000583000000,   2.96000,
,,,0.000584000000,   2.92000,
,,,0.000585000000,   2.92000,
,,,0.000586000000,   2.96000,
,,,0.000587000000,   2.92000,
,,,0.000588000000,   2.96000,
,,,0.000589000000,   2.96000,
,,,0.000590000000,   2.96000,
,,,0.000591000000,   2.92000,
,,,0.000592000000,   2.96000,
,,,0.000593000000,   2.96000,
,,,0.000594000000,   2.96000,
,,,0.000595000000,   2.92000,
,,,0.000596000000,   2.96000,
,,,0.000597000000,   2.96000,
,,,0.000598000000,   2.96000,
,,,0.000599000000,   2.96000,
,,,0.000600000000,   2.96000,
,,,0.000601000000,   2.96000,
,,,0.000602000000,   2.96000,
,,,0.000603000000,   2.96000,
,,,0.000604000000,   2.96000,
,,,0.000605000000,   2.96000,
,,,0.000606000000,   2.96000,
,,,0.000607000000,   2.96000,
,,,0.000608000000,   2.96000,
,,,0.000609000000,   2.96000,
,,,0.000610000000,   2.96000,
,,,0.000611000000,   2.96000,
,,,0.000612000000,   3.00000,
,,,0.000613000000,   2.96000,
,,,0.000614000000,   2.96000,
,,,0.000615000000,   2.96000,
,,,0.000616000000,   2.96000,
,,,0.000617000000,   2.96000,
,,,0.000618000000,   2.96000,
,,,0.000619000000,   3.00000,
,,,0.000620000000,   3.00000,
,,,0.000621000000,   3.00000,
,,,0.000622000000,   3.00000,
,,,0.000623000000,   2.96000,
,,,0.000624000000,   2.96000,
,,,0.000625000000,   3.00000,
,,,0.000626000000,   3.00000,
,,,0.000627000000,   3.00000,
,,,0.000628000000,   3.00000,
,,,0.000629000000,   3.00000,
,,,0.000630000000,   2.96000,
,,,0.000631000000,   3.00000,
,,,0.000632000000,   3.00000,
,,,0.000633000000,   3.00000,
,,,0.000634000000,   3.00000,
,,,0.000635000000,   3.00000,
,,,0.000636000000,   3.00000,
,,,0.000637000000,   3.00000,
,,,0.000638000000,   3.00000,
,,,0.000639000000,   3.00000,
,,,0.000640000000,   3.00000,
,,,0.000641000000,   3.00000,
,,,0.000642000000,   3.00000,
,,,0.000643000000,   3.00000,
,,,0.000644000000,   3.00000,
,,,0.000645000000,   3.00000,
,,,0.000646000000,   3.00000,
,,,0.000647000000,   3.00000,
,,,0.000648000000,   3.00000,
,,,0.000649000000,   3.00000,
,,,0.000650000000,   3.00000,
,,,0.000651000000,   3.00000,
,,,0.000652000000,   3.00000,
,,,0.000653000000,   3.00000,
,,,0.000654000000,   3.00000,
,,,0.000655000000,   3.00000,
,,,0.000656000000,   3.00000,
,,,0.000657000000,   3.00000,
,,,0.000658000000,   3.00000,
,,,0.000659000000,   3.00000,
,,,0.000660000000,   3.00000,
,,,0.000661000000,   3.00000,
,,,0.000662000000,   3.04000,
,,,0.000663000000,   3.00000,
,,,0.000664000000,   3.00000,
,,,0.000665000000,   3.04000,
,,,0.000666000000,   3.00000,
,,,0.000667000000,   3.00000,
,,,0.000668000000,   3.00000,
,,,0.000669000000,   3.00000,
,,,0.000670000000,   3.00000,
,,,0.000671000000,   3.04000,
,,,0.000672000000,   3.04000,
,,,0.000673000000,   3.00000,
,,,0.000674000000,   3.00000,
,,,0.000675000000,   3.04000,
,,,0.000676000000,   3.04000,
,,,0.000677000000,   3.04000,
,,,0.000678000000,   3.04000,
,,,0.000679000000,   3.00000,
,,,0.000680000000,   3.00000,
,,,0.000681000000,   3.04000,
,,,0.000682000000,   3.04000,
,,,0.000683000000,   3.04000,
,,,0.000684000000,   3.04000,
,,,0.000685000000,   3.04000,
,,,0.000686000000,   3.04000,
,,,0.000687000000,   3.04000,
,,,0.000688000000,   3.04000,
,,,0.000689000000,   3.04000,
,,,0.000690000000,   3.04000,
,,,0.000691000000,   3.04000,
,,,0.000692000000,   3.04000,
,,,0.000693000000,   3.04000,
,,,0.000694000000,   3.04000,
,,,0.000695000000,   3.04000,
,,,0.000696000000,   3.04000,
,,,0.000697000000,   3.04000,
,,,0.000698000000,   3.04000,
,,,0.000699000000,   3.04000,
,,,0.000700000000,   3.04000,
,,,0.000701000000,   3.04000,
,,,0.000702000000,   3.04000,
,,,0.000703000000,   3.04000,
,,,0.000704000000,   3.04000,
,,,0.000705000000,   3.04000,
,,,0.000706000000,   3.08000,
,,,0.000707000000,   3.04000,
,,,0.000708000000,   3.08000,
,,,0.000709000000,   3.04000,
,,,0.000710000000,   3.08000,
,,,0.000711000000,   3.08000,
,,,0.000712000000,   3.04000,
,,,0.000713000000,   3.08000,
,,,0.000714000000,   3.08000,
,,,0.000715000000,   3.04000,
,,,0.000716000000,   3.08000,
,,,0.000717000000,   3.04000,
,,,0.000718000000,   3.08000,
,,,0.000719000000,   3.04000,
,,,0.000720000000,   3.08000,
,,,0.000721000000,   3.04000,
,,,0.000722000000,   3.08000,
,,,0.000723000000,   3.08000,
,,,0.000724000000,   3.08000,
,,,0.000725000000,   3.08000,
,,,0.000726000000,   3.08000,
,,,0.000727000000,   3.08000,
,,,0.000728000000,   3.08000,
,,,0.000729000000,   3.08000,
,,,0.000730000000,   3.08000,
,,,0.000731000000,   3.08000,
,,,0.000732000000,   3.08000,
,,,0.000733000000,   3.08000,
,,,0.000734000000,   3.08000,
,,,0.000735000000,   3.08000,
,,,0.000736000000,   3.08000,
,,,0.000737000000,   3.08000,
,,,0.000738000000,   3.08000,
,,,0.000739000000,   3.08000,
,,,0.000740000000,   3.12000,
,,,0.000741000000,   3.08000,
,,,0.000742000000,   3.08000,
,,,0.000743000000,   3.08000,
,,,0.000744000000,   3.08000,
,,,0.000745000000,   3.08000,
,,,0.000746000000,   3.12000,
,,,0.000747000000,   3.12000,
,,,0.000748000000,   3.08000,
,,,0.000749000000,   3.12000,
,,,0.000750000000,   3.12000,
,,,0.000751000000,   3.12000,
,,,0.000752000000,   3.08000,
,,,0.000753000000,   3.08000,
,,,0.000754000000,   3.12000,
,,,0.000755000000,   3.12000,
,,,0.000756000000,   3.08000,
,,,0.000757000000,   3.12000,
,,,0.000758000000,   3.12000,
,,,0.000759000000,   3.12000,
,,,0.000760000000,   3.08000,
,,,0.000761000000,   3.12000,
,,,0.000762000000,   3.12000,
,,,0.000763000000,   3.08000,
,,,0.000764000000,   3.12000,
,,,0.000765000000,   3.12000,
,,,0.000766000000,   3.12000,
,,,0.000767000000,   3.12000,
,,,0.000768000000,   3.12000,
,,,0.000769000000,   3.12000,
,,,0.000770000000,   3.12000,
,,,0.000771000000,   3.12000,
,,,0.000772000000,   3.12000,
,,,0.000773000000,   3.08000,
,,,0.000774000000,   3.08000,
,,,0.000775000000,   3.08000,
,,,0.000776000000,   3.08000,
,,,0.000777000000,   3.04000,
,,,0.000778000000,   3.04000,
,,,0.000779000000,   3.04000,
,,,0.000780000000,   3.04000,
,,,0.000781000000,   3.00000,
,,,0.000782000000,   3.00000,
,,,0.000783000000,   3.00000,
,,,0.000784000000,   3.00000,
,,,0.000785000000,   3.00000,
,,,0.000786000000,   2.96000,
,,,0.000787000000,   2.96000,
,,,0.000788000000,   2.96000,
,,,0.000789000000,   2.92000,
,,,0.000790000000,   2.92000,
,,,0.000791000000,   2.92000,
,,,0.000792000000,   2.88000,
,,,0.000793000000,   2.92000,
,,,0.000794000000,   2.92000,
,,,0.000795000000,   2.92000,
,,,0.000796000000,   2.88000,
,,,0.000797000000,   2.88000,
,,,0.000798000000,   2.88000,
,,,0.000799000000,   2.88000,
,,,0.000800000000,   2.84000,
,,,0.000801000000,   2.84000,
,,,0.000802000000,   2.84000,
,,,0.000803000000,   2.84000,
,,,0.000804000000,   2.84000,
,,,0.000805000000,   2.80000,
,,,0.000806000000,   2.80000,
,,,0.000807000000,   2.80000,
,,,0.000808000000,   2.76000,
,,,0.000809000000,   2.80000,
,,,0.000810000000,   2.76000,
,,,0.000811000000,   2.76000,
,,,0.000812000000,   2.76000,
,,,0.000813000000,   2.76000,
,,,0.000814000000,   2.72000,
,,,0.000815000000,   2.72000,
,,,0.000816000000,   2.72000,
,,,0.000817000000,   2.72000,
,,,0.000818000000,   2.72000,
,,,0.000819000000,   2.68000,
,,,0.000820000000,   2.68000,
,,,0.000821000000,   2.68000,
,,,0.000822000000,   2.68000,
,,,0.000823000000,   2.68000,
,,,0.000824000000,   2.64000,
,,,0.000825000000,   2.64000,
,,,0.000826000000,   2.64000,
,,,0.000827000000,   2.64000,
,,,0.000828000000,   2.60000,
,,,0.000829000000,   2.60000,
,,,0.000830000000,   2.60000,
,,,0.000831000000,   2.60000,
,,,0.000832000000,   2.56000,
,,,0.000833000000,   2.56000,
,,,0.000834000000,   2.56000,
,,,0.000835000000,   2.56000,
,,,0.000836000000,   2.56000,
,,,0.000837000000,   2.56000,
,,,0.000838000000,   2.52000,
,,,0.000839000000,   2.52000,
,,,0.000840000000,   2.52000,
,,,0.000841000000,   2.52000,
,,,0.000842000000,   2.48000,
,,,0.000843000000,   2.48000,
,,,0.000844000000,   2.48000,
,,,0.000845000000,   2.48000,
,,,0.000846000000,   2.48000,
,,,0.000847000000,   2.48000,
,,,0.000848000000,   2.44000,
,,,0.000849000000,   2.44000,
,,,0.000850000000,   2.44000,
,,,0.000851000000,   2.44000,
,,,0.000852000000,   2.40000,
,,,0.000853000000,   2.44000,
,,,0.000854000000,   2.40000,
,,,0.000855000000,   2.40000,
,,,0.000856000000,   2.36000,
,,,0.000857000000,   2.36000,
,,,0.000858000000,   2.36000,
,,,0.000859000000,   2.36000,
,,,0.000860000000,   2.36000,
,,,0.000861000000,   2.36000,
,,,0.000862000000,   2.32000,
,,,0.000863000000,   2.32000,
,,,0.000864000000,   2.32000,
,,,0.000865000000,   2.32000,
,,,0.000866000000,   2.32000,
,,,0.000867000000,   2.28000,
,,,0.000868000000,   2.32000,
,,,0.000869000000,   2.28000,
,,,0.000870000000,   2.28000,
,,,0.000871000000,   2.28000,
,,,0.000872000000,   2.28000,
,,,0.000873000000,   2.24000,
,,,0.000874000000,   2.24000,
,,,0.000875000000,   2.24000,
,,,0.000876000000,   2.20000,
,,,0.000877000000,   2.24000,
,,,0.000878000000,   2.20000,
,,,0.000879000000,   2.20000,
,,,0.000880000000,   2.20000,
,,,0.000881000000,   2.20000,
,,,0.000882000000,   2.20000,
,,,0.000883000000,   2.20000,
,,,0.000884000000,   2.16000,
,,,0.000885000000,   2.16000,
,,,0.000886000000,   2.16000,
,,,0.000887000000,   2.16000,
,,,0.000888000000,   2.12000,
,,,0.000889000000,   2.12000,
,,,0.000890000000,   2.12000,
,,,0.000891000000,   2.12000,
,,,0.000892000000,   2.08000,
,,,0.000893000000,   2.12000,
,,,0.000894000000,   2.08000,
,,,0.000895000000,   2.08000,
,,,0.000896000000,   2.08000,
,,,0.000897000000,   2.08000,
,,,0.000898000000,   2.08000,
,,,0.000899000000,   2.04000,
,,,0.000900000000,   2.04000,
,,,0.000901000000,   2.04000,
,,,0.000902000000,   2.04000,
,,,0.000903000000,   2.04000,
,,,0.000904000000,   2.00000,
,,,0.000905000000,   2.00000,
,,,0.000906000000,   2.00000,
,,,0.000907000000,   1.96000,
,,,0.000908000000,   2.00000,
,,,0.000909000000,   1.96000,
,,,0.000910000000,   1.96000,
,,,0.000911000000,   1.96000,
,,,0.000912000000,   1.96000,
,,,0.000913000000,   1.96000,
,,,0.000914000000,   1.96000,
,,,0.000915000000,   1.92000,
,,,0.000916000000,   1.92000,
,,,0.000917000000,   1.92000,
,,,0.000918000000,   1.88000,
,,,0.000919000000,   1.92000,
,,,0.000920000000,   1.88000,
,,,0.000921000000,   1.88000,
,,,0.000922000000,   1.84000,
,,,0.000923000000,   1.88000,
,,,0.000924000000,   1.84000,
,,,0.000925000000,   1.84000,
,,,0.000926000000,   1.84000,
,,,0.000927000000,   1.84000,
,,,0.000928000000,   1.80000,
,,,0.000929000000,   1.80000,
,,,0.000930000000,   1.80000,
,,,0.000931000000,   1.80000,
,,,0.000932000000,   1.80000,
,,,0.000933000000,   1.80000,
,,,0.000934000000,   1.76000,
,,,0.000935000000,   1.80000,
,,,0.000936000000,   1.76000,
,,,0.000937000000,   1.76000,
,,,0.000938000000,   1.72000,
,,,0.000939000000,   1.72000,
,,,0.000940000000,   1.72000,
,,,0.000941000000,   1.72000,
,,,0.000942000000,   1.72000,
,,,0.000943000000,   1.68000,
,,,0.000944000000,   1.72000,
,,,0.000945000000,   1.68000,
,,,0.000946000000,   1.68000,
,,,0.000947000000,   1.68000,
,,,0.000948000000,   1.68000,
,,,0.000949000000,   1.68000,
,,,0.000950000000,   1.68000,
,,,0.000951000000,   1.64000,
,,,0.000952000000,   1.64000,
,,,0.000953000000,   1.64000,
,,,0.000954000000,   1.64000,
,,,0.000955000000,   1.64000,
,,,0.000956000000,   1.60000,
,,,0.000957000000,   1.60000,
,,,0.000958000000,   1.60000,
,,,0.000959000000,   1.60000,
,,,0.000960000000,   1.60000,
,,,0.000961000000,   1.56000,
,,,0.000962000000,   1.56000,
,,,0.000963000000,   1.56000,
,,,0.000964000000,   1.56000,
,,,0.000965000000,   1.56000,
,,,0.000966000000,   1.52000,
,,,0.000967000000,   1.52000,
,,,0.000968000000,   1.56000,
,,,0.000969000000,   1.52000,
,,,0.000970000000,   1.52000,
,,,0.000971000000,   1.52000,
,,,0.000972000000,   1.52000,
,,,0.000973000000,   1.52000,
,,,0.000974000000,   1.48000,
,,,0.000975000000,   1.48000,
,,,0.000976000000,   1.48000,
,,,0.000977000000,   1.48000,
,,,0.000978000000,   1.48000,
,,,0.000979000000,   1.44000,
,,,0.000980000000,   1.48000,
,,,0.000981000000,   1.44000,
,,,0.000982000000,   1.44000,
,,,0.000983000000,   1.44000,
,,,0.000984000000,   1.44000,
,,,0.000985000000,   1.40000,
,,,0.000986000000,   1.44000,
,,,0.000987000000,   1.40000,
,,,0.000988000000,   1.40000,
,,,0.000989000000,   1.40000,
,,,0.000990000000,   1.40000,
,,,0.000991000000,   1.36000,
,,,0.000992000000,   1.36000,
,,,0.000993000000,   1.36000,
,,,0.000994000000,   1.36000,
,,,0.000995000000,   1.32000,
,,,0.000996000000,   1.32000,
,,,0.000997000000,   1.32000,
,,,0.000998000000,   1.32000,
,,,0.000999000000,   1.32000,
,,,0.001000000000,   1.28000,
,,,0.001001000000,   1.28000,
,,,0.001002000000,   1.32000,
,,,0.001003000000,   1.28000,
,,,0.001004000000,   1.28000,
,,,0.001005000000,   1.28000,
,,,0.001006000000,   1.28000,
,,,0.001007000000,   1.24000,
,,,0.001008000000,   1.24000,
,,,0.001009000000,   1.24000,
,,,0.001010000000,   1.24000,
,,,0.001011000000,   1.24000,
,,,0.001012000000,   1.24000,
,,,0.001013000000,   1.24000,
,,,0.001014000000,   1.20000,
,,,0.001015000000,   1.20000,
,,,0.001016000000,   1.20000,
,,,0.001017000000,   1.20000,
,,,0.001018000000,   1.16000,
,,,0.001019000000,   1.16000,
,,,0.001020000000,   1.16000,
,,,0.001021000000,   1.16000,
,,,0.001022000000,   1.16000,
,,,0.001023000000,   1.16000,
,,,0.001024000000,   1.16000,
,,,0.001025000000,   1.16000,
,,,0.001026000000,   1.12000,
,,,0.001027000000,   1.12000,
,,,0.001028000000,   1.12000,
,,,0.001029000000,   1.12000,
,,,0.001030000000,   1.12000,
,,,0.001031000000,   1.08000,
,,,0.001032000000,   1.08000,
,,,0.001033000000,   1.08000,
,,,0.001034000000,   1.08000,
,,,0.001035000000,   1.08000,
,,,0.001036000000,   1.04000,
,,,0.001037000000,   1.04000,
,,,0.001038000000,   1.04000,
,,,0.001039000000,   1.08000,
,,,0.001040000000,   1.04000,
,,,0.001041000000,   1.04000,
,,,0.001042000000,   1.04000,
,,,0.001043000000,   1.04000,
,,,0.001044000000,   1.00000,
,,,0.001045000000,   1.00000,
,,,0.001046000000,   1.00000,
,,,0.001047000000,   1.00000,
,,,0.001048000000,   1.00000,
,,,0.001049000000,   1.00000,
,,,0.001050000000,   1.00000,
,,,0.001051000000,   0.96000,
,,,0.001052000000,   0.96000,
,,,0.001053000000,   0.96000,
,,,0.001054000000,   0.92000,
,,,0.001055000000,   0.96000,
,,,0.001056000000,   0.92000,
,,,0.001057000000,   0.96000,
,,,0.001058000000,   0.92000,
,,,0.001059000000,   0.92000,
,,,0.001060000000,   0.92000,
,,,0.001061000000,   0.92000,
,,,0.001062000000,   0.92000,
,,,0.001063000000,   0.92000,
,,,0.001064000000,   0.88000,
,,,0.001065000000,   0.88000,
,,,0.001066000000,   0.88000,
,,,0.001067000000,   0.88000,
,,,0.001068000000,   0.88000,
,,,0.001069000000,   0.88000,
,,,0.001070000000,   0.84000,
,,,0.001071000000,   0.84000,
,,,0.001072000000,   0.84000,
,,,0.001073000000,   0.84000,
,,,0.001074000000,   0.84000,
,,,0.001075000000,   0.84000,
,,,0.001076000000,   0.80000,
,,,0.001077000000,   0.80000,
,,,0.001078000000,   0.80000,
,,,0.001079000000,   0.80000,
,,,0.001080000000,   0.80000,
,,,0.001081000000,   0.80000,
,,,0.001082000000,   0.80000,
,,,0.001083000000,   0.76000,
,,,0.001084000000,   0.76000,
,,,0.001085000000,   0.80000,
,,,0.001086000000,   0.76000,
,,,0.001087000000,   0.76000,
,,,0.001088000000,   0.76000,
,,,0.001089000000,   0.76000,
,,,0.001090000000,   0.76000,
,,,0.001091000000,   0.72000,
,,,0.001092000000,   0.72000,
,,,0.001093000000,   0.68000,
,,,0.001094000000,   0.72000,
,,,0.001095000000,   0.72000,
,,,0.001096000000,   0.72000,
,,,0.001097000000,   0.68000,
,,,0.001098000000,   0.68000,
,,,0.001099000000,   0.68000,
,,,0.001100000000,   0.68000,
,,,0.001101000000,   0.68000,
,,,0.001102000000,   0.68000,
,,,0.001103000000,   0.68000,
,,,0.001104000000,   0.68000,
,,,0.001105000000,   0.64000,
,,,0.001106000000,   0.64000,
,,,0.001107000000,   0.64000,
,,,0.001108000000,   0.60000,
,,,0.001109000000,   0.60000,
,,,0.001110000000,   0.60000,
,,,0.001111000000,   0.60000,
,,,0.001112000000,   0.60000,
,,,0.001113000000,   0.60000,
,,,0.001114000000,   0.60000,
,,,0.001115000000,   0.60000,
,,,0.001116000000,   0.60000,
,,,0.001117000000,   0.60000,
,,,0.001118000000,   0.56000,
,,,0.001119000000,   0.56000,
,,,0.001120000000,   0.56000,
,,,0.001121000000,   0.56000,
,,,0.001122000000,   0.56000,
,,,0.001123000000,   0.56000,
,,,0.001124000000,   0.52000,
,,,0.001125000000,   0.52000,
,,,0.001126000000,   0.52000,
,,,0.001127000000,   0.52000,
,,,0.001128000000,   0.52000,
,,,0.001129000000,   0.48000,
,,,0.001130000000,   0.52000,
,,,0.001131000000,   0.52000,
,,,0.001132000000,   0.48000,
,,,0.001133000000,   0.48000,
,,,0.001134000000,   0.48000,
,,,0.001135000000,   0.48000,
,,,0.001136000000,   0.48000,
,,,0.001137000000,   0.48000,
,,,0.001138000000,   0.48000,
,,,0.001139000000,   0.44000,
,,,0.001140000000,   0.44000,
,,,0.001141000000,   0.44000,
,,,0.001142000000,   0.44000,
,,,0.001143000000,   0.44000,
,,,0.001144000000,   0.44000,
,,,0.001145000000,   0.44000,
,,,0.001146000000,   0.44000,
,,,0.001147000000,   0.44000,
,,,0.001148000000,   0.40000,
,,,0.001149000000,   0.40000,
,,,0.001150000000,   0.40000,
,,,0.001151000000,   0.40000,
,,,0.001152000000,   0.40000,
,,,0.001153000000,   0.36000,
,,,0.001154000000,   0.36000,
,,,0.001155000000,   0.36000,
,,,0.001156000000,   0.36000,
,,,0.001157000000,   0.36000,
,,,0.001158000000,   0.36000,
,,,0.001159000000,   0.36000,
,,,0.001160000000,   0.32000,
,,,0.001161000000,   0.32000,
,,,0.001162000000,   0.32000,
,,,0.001163000000,   0.32000,
,,,0.001164000000,   0.32000,
,,,0.001165000000,   0.32000,
,,,0.001166000000,   0.32000,
,,,0.001167000000,   0.28000,
,,,0.001168000000,   0.28000,
,,,0.001169000000,   0.28000,
,,,0.001170000000,   0.28000,
,,,0.001171000000,   0.28000,
,,,0.001172000000,   0.28000,
,,,0.001173000000,   0.28000,
,,,0.001174000000,   0.28000,
,,,0.001175000000,   0.24000,
,,,0.001176000000,   0.24000,
,,,0.001177000000,   0.24000,
,,,0.001178000000,   0.24000,
,,,0.001179000000,   0.24000,
,,,0.001180000000,   0.20000,
,,,0.001181000000,   0.24000,
,,,0.001182000000,   0.20000,
,,,0.001183000000,   0.20000,
,,,0.001184000000,   0.20000,
,,,0.001185000000,   0.20000,
,,,0.001186000000,   0.20000,
,,,0.001187000000,   0.20000,
,,,0.001188000000,   0.16000,
,,,0.001189000000,   0.16000,
,,,0.001190000000,   0.16000,
,,,0.001191000000,   0.16000,
,,,0.001192000000,   0.16000,
,,,0.001193000000,   0.20000,
,,,0.001194000000,   0.12000,
,,,0.001195000000,   0.12000,
,,,0.001196000000,   0.12000,
,,,0.001197000000,   0.12000,
,,,0.001198000000,   0.12000,
,,,0.001199000000,   0.12000,
,,,0.001200000000,   0.12000,
,,,0.001201000000,   0.12000,
,,,0.001202000000,   0.12000,
,,,0.001203000000,   0.12000,
,,,0.001204000000,   0.12000,
,,,0.001205000000,   0.08000,
,,,0.001206000000,   0.12000,
,,,0.001207000000,   0.08000,
,,,0.001208000000,   0.12000,
,,,0.001209000000,   0.08000,
,,,0.001210000000,   0.08000,
,,,0.001211000000,   0.08000,
,,,0.001212000000,   0.04000,
,,,0.001213000000,   0.08000,
,,,0.001214000000,   0.04000,
,,,0.001215000000,   0.04000,
,,,0.001216000000,   0.04000,
,,,0.001217000000,   0.04000,
,,,0.001218000000,   0.04000,
,,,0.001219000000,   0.04000,
,,,0.001220000000,   0.00000,
,,,0.001221000000,   0.00000,
,,,0.001222000000,   0.00000,
,,,0.001223000000,   0.00000,
,,,0.001224000000,   0.00000,
,,,0.001225000000,   0.00000,
,,,0.001226000000,   0.00000,
,,,0.001227000000,   0.00000,
,,,0.001228000000,   0.00000,
,,,0.001229000000,   0.00000,
,,,0.001230000000,   0.00000,
,,,0.001231000000,  -0.04000,
,,,0.001232000000,  -0.04000,
,,,0.001233000000,  -0.04000,
,,,0.001234000000,  -0.08000,
,,,0.001235000000,  -0.08000,
,,,0.001236000000,  -0.08000,
,,,0.001237000000,  -0.08000,
,,,0.001238000000,  -0.08000,
,,,0.001239000000,  -0.08000,
,,,0.001240000000,  -0.08000,
,,,0.001241000000,  -0.08000,
,,,0.001242000000,  -0.08000,
,,,0.001243000000,  -0.08000,
,,,0.001244000000,  -0.08000,
,,,0.001245000000,  -0.12000,
,,,0.001246000000,  -0.08000,
,,,0.001247000000,  -0.12000,
,,,0.001248000000,  -0.12000,
,,,0.001249000000,  -0.12000,
,,,0.001250000000,  -0.12000,
,,,0.001251000000,  -0.12000,
,,,0.001252000000,  -0.16000,
,,,0.001253000000,  -0.16000,
,,,0.001254000000,  -0.16000,
,,,0.001255000000,  -0.12000,
,,,0.001256000000,  -0.16000,
,,,0.001257000000,  -0.16000,
,,,0.001258000000,  -0.16000,
,,,0.001259000000,  -0.16000,
,,,0.001260000000,  -0.16000,
,,,0.001261000000,  -0.20000,
,,,0.001262000000,  -0.20000,
,,,0.001263000000,  -0.20000,
,,,0.001264000000,  -0.20000,
,,,0.001265000000,  -0.20000,
,,,0.001266000000,  -0.20000,
,,,0.001267000000,  -0.24000,
,,,0.001268000000,  -0.20000,
,,,0.001269000000,  -0.24000,
,,,0.001270000000,  -0.20000,
,,,0.001271000000,  -0.24000,
,,,0.001272000000,  -0.24000,
,,,0.001273000000,  -0.24000,
,,,0.001274000000,  -0.24000,
,,,0.001275000000,  -0.24000,
,,,0.001276000000,  -0.24000,
,,,0.001277000000,  -0.28000,
,,,0.001278000000,  -0.28000,
,,,0.001279000000,  -0.28000,
,,,0.001280000000,  -0.28000,
,,,0.001281000000,  -0.28000,
,,,0.001282000000,  -0.32000,
,,,0.001283000000,  -0.32000,
,,,0.001284000000,  -0.32000,
,,,0.001285000000,  -0.32000,
,,,0.001286000000,  -0.32000,
,,,0.001287000000,  -0.32000,
,,,0.001288000000,  -0.32000,
,,,0.001289000000,  -0.32000,
,,,0.001290000000,  -0.36000,
,,,0.001291000000,  -0.36000,
,,,0.001292000000,  -0.36000,
,,,0.001293000000,  -0.36000,
,,,0.001294000000,  -0.36000,
,,,0.001295000000,  -0.36000,
,,,0.001296000000,  -0.36000,
,,,0.001297000000,  -0.36000,
,,,0.001298000000,  -0.40000,
,,,0.001299000000,  -0.36000,
,,,0.001300000000,  -0.40000,
,,,0.001301000000,  -0.40000,
,,,0.001302000000,  -0.40000,
,,,0.001303000000,  -0.40000,
,,,0.001304000000,  -0.40000,
,,,0.001305000000,  -0.40000,
,,,0.001306000000,  -0.40000,
,,,0.001307000000,  -0.44000,
,,,0.001308000000,  -0.40000,
,,,0.001309000000,  -0.44000,
,,,0.001310000000,  -0.44000,
,,,0.001311000000,  -0.44000,
,,,0.001312000000,  -0.44000,
,,,0.001313000000,  -0.44000,
,,,0.001314000000,  -0.44000,
,,,0.001315000000,  -0.44000,
,,,0.001316000000,  -0.44000,
,,,0.001317000000,  -0.48000,
,,,0.001318000000,  -0.44000,
,,,0.001319000000,  -0.44000,
,,,0.001320000000,  -0.48000,
,,,0.001321000000,  -0.48000,
,,,0.001322000000,  -0.48000,
,,,0.001323000000,  -0.48000,
,,,0.001324000000,  -0.48000,
,,,0.001325000000,  -0.48000,
,,,0.001326000000,  -0.48000,
,,,0.001327000000,  -0.52000,
,,,0.001328000000,  -0.52000,
,,,0.001329000000,  -0.52000,
,,,0.001330000000,  -0.52000,
,,,0.001331000000,  -0.52000,
,,,0.001332000000,  -0.52000,
,,,0.001333000000,  -0.56000,
,,,0.001334000000,  -0.52000,
,,,0.001335000000,  -0.56000,
,,,0.001336000000,  -0.56000,
,,,0.001337000000,  -0.56000,
,,,0.001338000000,  -0.56000,
,,,0.001339000000,  -0.56000,
,,,0.001340000000,  -0.56000,
,,,0.001341000000,  -0.56000,
,,,0.001342000000,  -0.56000,
,,,0.001343000000,  -0.56000,
,,,0.001344000000,  -0.56000,
,,,0.001345000000,  -0.56000,
,,,0.001346000000,  -0.60000,
,,,0.001347000000,  -0.60000,
,,,0.001348000000,  -0.60000,
,,,0.001349000000,  -0.60000,
,,,0.001350000000,  -0.60000,
,,,0.001351000000,  -0.60000,
,,,0.001352000000,  -0.60000,
,,,0.001353000000,  -0.60000,
,,,0.001354000000,  -0.60000,
,,,0.001355000000,  -0.60000,
,,,0.001356000000,  -0.64000,
,,,0.001357000000,  -0.64000,
,,,0.001358000000,  -0.64000,
,,,0.001359000000,  -0.64000,
,,,0.001360000000,  -0.64000,
,,,0.001361000000,  -0.64000,
,,,0.001362000000,  -0.64000,
,,,0.001363000000,  -0.64000,
,,,0.001364000000,  -0.68000,
,,,0.001365000000,  -0.68000,
,,,0.001366000000,  -0.68000,
,,,0.001367000000,  -0.68000,
,,,0.001368000000,  -0.68000,
,,,0.001369000000,  -0.68000,
,,,0.001370000000,  -0.68000,
,,,0.001371000000,  -0.68000,
,,,0.001372000000,  -0.68000,
,,,0.001373000000,  -0.68000,
,,,0.001374000000,  -0.68000,
,,,0.001375000000,  -0.68000,
,,,0.001376000000,  -0.68000,
,,,0.001377000000,  -0.72000,
,,,0.001378000000,  -0.72000,
,,,0.001379000000,  -0.72000,
,,,0.001380000000,  -0.72000,
,,,0.001381000000,  -0.72000,
,,,0.001382000000,  -0.76000,
,,,0.001383000000,  -0.72000,
,,,0.001384000000,  -0.76000,
,,,0.001385000000,  -0.76000,
,,,0.001386000000,  -0.76000,
,,,0.001387000000,  -0.76000,
,,,0.001388000000,  -0.76000,
,,,0.001389000000,  -0.76000,
,,,0.001390000000,  -0.76000,
,,,0.001391000000,  -0.76000,
,,,0.001392000000,  -0.76000,
,,,0.001393000000,  -0.80000,
,,,0.001394000000,  -0.80000,
,,,0.001395000000,  -0.80000,
,,,0.001396000000,  -0.80000,
,,,0.001397000000,  -0.80000,
,,,0.001398000000,  -0.80000,
,,,0.001399000000,  -0.80000,
,,,0.001400000000,  -0.80000,
,,,0.001401000000,  -0.80000,
,,,0.001402000000,  -0.80000,
,,,0.001403000000,  -0.84000,
,,,0.001404000000,  -0.84000,
,,,0.001405000000,  -0.84000,
,,,0.001406000000,  -0.80000,
,,,0.001407000000,  -0.84000,
,,,0.001408000000,  -0.84000,
,,,0.001409000000,  -0.84000,
,,,0.001410000000,  -0.84000,
,,,0.001411000000,  -0.84000,
,,,0.001412000000,  -0.88000,
,,,0.001413000000,  -0.88000,
,,,0.001414000000,  -0.88000,
,,,0.001415000000,  -0.88000,
,,,0.001416000000,  -0.88000,
,,,0.001417000000,  -0.88000,
,,,0.001418000000,  -0.88000,
,,,0.001419000000,  -0.88000,
,,,0.001420000000,  -0.88000,
,,,0.001421000000,  -0.92000,
,,,0.001422000000,  -0.92000,
,,,0.001423000000,  -0.88000,
,,,0.001424000000,  -0.92000,
,,,0.001425000000,  -0.92000,
,,,0.001426000000,  -0.92000,
,,,0.001427000000,  -0.92000,
,,,0.001428000000,  -0.92000,
,,,0.001429000000,  -0.92000,
,,,0.001430000000,  -0.92000,
,,,0.001431000000,  -0.92000,
,,,0.001432000000,  -0.92000,
,,,0.001433000000,  -0.92000,
,,,0.001434000000,  -0.92000,
,,,0.001435000000,  -0.96000,
,,,0.001436000000,  -0.96000,
,,,0.001437000000,  -0.96000,
,,,0.001438000000,  -0.96000,
,,,0.001439000000,  -0.96000,
,,,0.001440000000,  -0.96000,
,,,0.001441000000,  -0.96000,
,,,0.001442000000,  -0.96000,
,,,0.001443000000,  -0.96000,
,,,0.001444000000,  -0.96000,
,,,0.001445000000,  -0.96000,
,,,0.001446000000,  -0.96000,
,,,0.001447000000,  -1.00000,
,,,0.001448000000,  -1.00000,
,,,0.001449000000,  -1.00000,
,,,0.001450000000,  -1.00000,
,,,0.001451000000,  -1.00000,
,,,0.001452000000,  -1.00000,
,,,0.001453000000,  -1.04000,
,,,0.001454000000,  -1.00000,
,,,0.001455000000,  -1.04000,
,,,0.001456000000,  -1.04000,
,,,0.001457000000,  -1.04000,
,,,0.001458000000,  -1.04000,
,,,0.001459000000,  -1.04000,
,,,0.001460000000,  -1.04000,
,,,0.001461000000,  -1.04000,
,,,0.001462000000,  -1.04000,
,,,0.001463000000,  -1.04000,
,,,0.001464000000,  -1.04000,
,,,0.001465000000,  -1.04000,
,,,0.001466000000,  -1.08000,
,,,0.001467000000,  -1.04000,
,,,0.001468000000,  -1.04000,
,,,0.001469000000,  -1.04000,
,,,0.001470000000,  -1.08000,
,,,0.001471000000,  -1.08000,
,,,0.001472000000,  -1.08000,
,,,0.001473000000,  -1.12000,
,,,0.001474000000,  -1.08000,
,,,0.001475000000,  -1.08000,
,,,0.001476000000,  -1.08000,
,,,0.001477000000,  -1.12000,
,,,0.001478000000,  -1.12000,
,,,0.001479000000,  -1.08000,
,,,0.001480000000,  -1.08000,
,,,0.001481000000,  -1.12000,
,,,0.001482000000,  -1.12000,
,,,0.001483000000,  -1.12000,
,,,0.001484000000,  -1.12000,
,,,0.001485000000,  -1.16000,
,,,0.001486000000,  -1.12000,
,,,0.001487000000,  -1.12000,
,,,0.001488000000,  -1.12000,
,,,0.001489000000,  -1.16000,
,,,0.001490000000,  -1.16000,
,,,0.001491000000,  -1.16000,
,,,0.001492000000,  -1.16000,
,,,0.001493000000,  -1.16000,
,,,0.001494000000,  -1.16000,
,,,0.001495000000,  -1.16000,
,,,0.001496000000,  -1.16000,
,,,0.001497000000,  -1.16000,
,,,0.001498000000,  -1.16000,
,,,0.001499000000,  -1.16000,
,,,0.001500000000,  -1.20000,
,,,0.001501000000,  -1.20000,
,,,0.001502000000,  -1.20000,
,,,0.001503000000,  -1.20000,
,,,0.001504000000,  -1.20000,
,,,0.001505000000,  -1.20000,
,,,0.001506000000,  -1.20000,
,,,0.001507000000,  -1.20000,
,,,0.001508000000,  -1.20000,
,,,0.001509000000,  -1.24000,
,,,0.001510000000,  -1.24000,
,,,0.001511000000,  -1.20000,
,,,0.001512000000,  -1.20000,
,,,0.001513000000,  -1.24000,
,,,0.001514000000,  -1.24000,
,,,0.001515000000,  -1.24000,
,,,0.001516000000,  -1.24000,
,,,0.001517000000,  -1.24000,
,,,0.001518000000,  -1.28000,
,,,0.001519000000,  -1.24000,
,,,0.001520000000,  -1.28000,
,,,0.001521000000,  -1.28000,
,,,0.001522000000,  -1.28000,
,,,0.001523000000,  -1.28000,
,,,0.001524000000,  -1.28000,
,,,0.001525000000,  -1.28000,
,,,0.001526000000,  -1.28000,
,,,0.001527000000,  -1.28000,
,,,0.001528000000,  -1.28000,
,,,0.001529000000,  -1.28000,
,,,0.001530000000,  -1.28000,
,,,0.001531000000,  -1.28000,
,,,0.001532000000,  -1.28000,
,,,0.001533000000,  -1.28000,
,,,0.001534000000,  -1.28000,
,,,0.001535000000,  -1.28000,
,,,0.001536000000,  -1.28000,
,,,0.001537000000,  -1.28000,
,,,0.001538000000,  -1.32000,
,,,0.001539000000,  -1.28000,
,,,0.001540000000,  -1.32000,
,,,0.001541000000,  -1.32000,
,,,0.001542000000,  -1.32000,
,,,0.001543000000,  -1.32000,
,,,0.001544000000,  -1.32000,
,,,0.001545000000,  -1.32000,
,,,0.001546000000,  -1.32000,
,,,0.001547000000,  -1.32000,
,,,0.001548000000,  -1.36000,
,,,0.001549000000,  -1.32000,
,,,0.001550000000,  -1.36000,
,,,0.001551000000,  -1.36000,
,,,0.001552000000,  -1.36000,
,,,0.001553000000,  -1.36000,
,,,0.001554000000,  -1.36000,
,,,0.001555000000,  -1.36000,
,,,0.001556000000,  -1.36000,
,,,0.001557000000,  -1.40000,
,,,0.001558000000,  -1.36000,
,,,0.001559000000,  -1.36000,
,,,0.001560000000,  -1.40000,
,,,0.001561000000,  -1.40000,
,,,0.001562000000,  -1.40000,
,,,0.001563000000,  -1.40000,
,,,0.001564000000,  -1.40000,
,,,0.001565000000,  -1.40000,
,,,0.001566000000,  -1.40000,
,,,0.001567000000,  -1.40000,
,,,0.001568000000,  -1.40000,
,,,0.001569000000,  -1.40000,
,,,0.001570000000,  -1.40000,
,,,0.001571000000,  -1.40000,
,,,0.001572000000,  -1.40000,
,,,0.001573000000,  -1.40000,
,,,0.001574000000,  -1.44000,
,,,0.001575000000,  -1.44000,
,,,0.001576000000,  -1.44000,
,,,0.001577000000,  -1.44000,
,,,0.001578000000,  -1.44000,
,,,0.001579000000,  -1.40000,
,,,0.001580000000,  -1.44000,
,,,0.001581000000,  -1.44000,
,,,0.001582000000,  -1.44000,
,,,0.001583000000,  -1.48000,
,,,0.001584000000,  -1.48000,
,,,0.001585000000,  -1.44000,
,,,0.001586000000,  -1.48000,
,,,0.001587000000,  -1.48000,
,,,0.001588000000,  -1.48000,
,,,0.001589000000,  -1.48000,
,,,0.001590000000,  -1.48000,
,,,0.001591000000,  -1.48000,
,,,0.001592000000,  -1.48000,
,,,0.001593000000,  -1.48000,
,,,0.001594000000,  -1.48000,
,,,0.001595000000,  -1.48000,
,,,0.001596000000,  -1.48000,
,,,0.001597000000,  -1.48000,
,,,0.001598000000,  -1.48000,
,,,0.001599000000,  -1.52000,
,,,0.001600000000,  -1.48000,
,,,0.001601000000,  -1.48000,
,,,0.001602000000,  -1.48000,
,,,0.001603000000,  -1.52000,
,,,0.001604000000,  -1.52000,
,,,0.001605000000,  -1.48000,
,,,0.001606000000,  -1.52000,
,,,0.001607000000,  -1.52000,
,,,0.001608000000,  -1.52000,
,,,0.001609000000,  -1.56000,
,,,0.001610000000,  -1.52000,
,,,0.001611000000,  -1.56000,
,,,0.001612000000,  -1.56000,
,,,0.001613000000,  -1.52000,
,,,0.001614000000,  -1.56000,
,,,0.001615000000,  -1.56000,
,,,0.001616000000,  -1.56000,
,,,0.001617000000,  -1.52000,
,,,0.001618000000,  -1.56000,
,,,0.001619000000,  -1.56000,
,,,0.001620000000,  -1.56000,
,,,0.001621000000,  -1.56000,
,,,0.001622000000,  -1.56000,
,,,0.001623000000,  -1.60000,
,,,0.001624000000,  -1.60000,
,,,0.001625000000,  -1.60000,
,,,0.001626000000,  -1.60000,
,,,0.001627000000,  -1.60000,
,,,0.001628000000,  -1.60000,
,,,0.001629000000,  -1.60000,
,,,0.001630000000,  -1.60000,
,,,0.001631000000,  -1.60000,
,,,0.001632000000,  -1.60000,
,,,0.001633000000,  -1.60000,
,,,0.001634000000,  -1.60000,
,,,0.001635000000,  -1.60000,
,,,0.001636000000,  -1.60000,
,,,0.001637000000,  -1.60000,
,,,0.001638000000,  -1.60000,
,,,0.001639000000,  -1.60000,
,,,0.001640000000,  -1.60000,
,,,0.001641000000,  -1.60000,
,,,0.001642000000,  -1.64000,
,,,0.001643000000,  -1.64000,
,,,0.001644000000,  -1.60000,
,,,0.001645000000,  -1.64000,
,,,0.001646000000,  -1.64000,
,,,0.001647000000,  -1.64000,
,,,0.001648000000,  -1.64000,
,,,0.001649000000,  -1.64000,
,,,0.001650000000,  -1.64000,
,,,0.001651000000,  -1.64000,
,,,0.001652000000,  -1.64000,
,,,0.001653000000,  -1.64000,
,,,0.001654000000,  -1.68000,
,,,0.001655000000,  -1.64000,
,,,0.001656000000,  -1.64000,
,,,0.001657000000,  -1.68000,
,,,0.001658000000,  -1.68000,
,,,0.001659000000,  -1.68000,
,,,0.001660000000,  -1.68000,
,,,0.001661000000,  -1.72000,
,,,0.001662000000,  -1.72000,
,,,0.001663000000,  -1.72000,
,,,0.001664000000,  -1.68000,
,,,0.001665000000,  -1.68000,
,,,0.001666000000,  -1.68000,
,,,0.001667000000,  -1.68000,
,,,0.001668000000,  -1.72000,
,,,0.001669000000,  -1.72000,
,,,0.001670000000,  -1.72000,
,,,0.001671000000,  -1.72000,
,,,0.001672000000,  -1.72000,
,,,0.001673000000,  -1.72000,
,,,0.001674000000,  -1.72000,
,,,0.001675000000,  -1.72000,
,,,0.001676000000,  -1.76000,
,,,0.001677000000,  -1.72000,
,,,0.001678000000,  -1.72000,
,,,0.001679000000,  -1.72000,
,,,0.001680000000,  -1.76000,
,,,0.001681000000,  -1.72000,
,,,0.001682000000,  -1.76000,
,,,0.001683000000,  -1.72000,
,,,0.001684000000,  -1.72000,
,,,0.001685000000,  -1.76000,
,,,0.001686000000,  -1.76000,
,,,0.001687000000,  -1.76000,
,,,0.001688000000,  -1.76000,
,,,0.001689000000,  -1.76000,
,,,0.001690000000,  -1.76000,
,,,0.001691000000,  -1.76000,
,,,0.001692000000,  -1.76000,
,,,0.001693000000,  -1.76000,
,,,0.001694000000,  -1.76000,
,,,0.001695000000,  -1.80000,
,,,0.001696000000,  -1.80000,
,,,0.001697000000,  -1.76000,
,,,0.001698000000,  -1.80000,
,,,0.001699000000,  -1.80000,
,,,0.001700000000,  -1.80000,
,,,0.001701000000,  -1.80000,
,,,0.001702000000,  -1.80000,
,,,0.001703000000,  -1.84000,
,,,0.001704000000,  -1.80000,
,,,0.001705000000,  -1.80000,
,,,0.001706000000,  -1.80000,
,,,0.001707000000,  -1.80000,
,,,0.001708000000,  -1.80000,
,,,0.001709000000,  -1.80000,
,,,0.001710000000,  -1.84000,
,,,0.001711000000,  -1.84000,
,,,0.001712000000,  -1.84000,
,,,0.001713000000,  -1.84000,
,,,0.001714000000,  -1.84000,
,,,0.001715000000,  -1.84000,
,,,0.001716000000,  -1.84000,
,,,0.001717000000,  -1.84000,
,,,0.001718000000,  -1.84000,
,,,0.001719000000,  -1.84000,
,,,0.001720000000,  -1.84000,
,,,0.001721000000,  -1.84000,
,,,0.001722000000,  -1.84000,
,,,0.001723000000,  -1.84000,
,,,0.001724000000,  -1.84000,
,,,0.001725000000,  -1.88000,
,,,0.001726000000,  -1.88000,
,,,0.001727000000,  -1.84000,
,,,0.001728000000,  -1.88000,
,,,0.001729000000,  -1.84000,
,,,0.001730000000,  -1.88000,
,,,0.001731000000,  -1.88000,
,,,0.001732000000,  -1.88000,
,,,0.001733000000,  -1.88000,
,,,0.001734000000,  -1.88000,
,,,0.001735000000,  -1.88000,
,,,0.001736000000,  -1.88000,
,,,0.001737000000,  -1.88000,
,,,0.001738000000,  -1.92000,
,,,0.001739000000,  -1.92000,
,,,0.001740000000,  -1.88000,
,,,0.001741000000,  -1.92000,
,,,0.001742000000,  -1.88000,
,,,0.001743000000,  -1.92000,
,,,0.001744000000,  -1.92000,
,,,0.001745000000,  -1.92000,
,,,0.001746000000,  -1.92000,
,,,0.001747000000,  -1.92000,
,,,0.001748000000,  -1.92000,
,,,0.001749000000,  -1.92000,
,,,0.001750000000,  -1.92000,
,,,0.001751000000,  -1.92000,
,,,0.001752000000,  -1.96000,
,,,0.001753000000,  -1.92000,
,,,0.001754000000,  -1.92000,
,,,0.001755000000,  -1.92000,
,,,0.001756000000,  -1.96000,
,,,0.001757000000,  -1.96000,
,,,0.001758000000,  -1.96000,
,,,0.001759000000,  -1.96000,
,,,0.001760000000,  -1.96000,
,,,0.001761000000,  -1.96000,
,,,0.001762000000,  -1.96000,
,,,0.001763000000,  -1.96000,
,,,0.001764000000,  -1.96000,
,,,0.001765000000,  -1.96000,
,,,0.001766000000,  -1.96000,
,,,0.001767000000,  -1.96000,
,,,0.001768000000,  -1.96000,
,,,0.001769000000,  -1.96000,
,,,0.001770000000,  -1.96000,
,,,0.001771000000,  -1.96000,
,,,0.001772000000,  -2.00000,
,,,0.001773000000,  -1.96000,
,,,0.001774000000,  -1.96000,
,,,0.001775000000,  -1.96000,
,,,0.001776000000,  -1.96000,
,,,0.001777000000,  -2.00000,
,,,0.001778000000,  -2.00000,
,,,0.001779000000,  -2.00000,
,,,0.001780000000,  -2.00000,
,,,0.001781000000,  -2.00000,
,,,0.001782000000,  -2.00000,
,,,0.001783000000,  -2.00000,
,,,0.001784000000,  -2.00000,
,,,0.001785000000,  -2.00000,
,,,0.001786000000,  -2.00000,
,,,0.001787000000,  -2.04000,
,,,0.001788000000,  -2.00000,
,,,0.001789000000,  -2.00000,
,,,0.001790000000,  -2.00000,
,,,0.001791000000,  -2.04000,
,,,0.001792000000,  -2.04000,
,,,0.001793000000,  -2.04000,
,,,0.001794000000,  -2.04000,
,,,0.001795000000,  -2.04000,
,,,0.001796000000,  -2.04000,
,,,0.001797000000,  -2.04000,
,,,0.001798000000,  -2.04000,
,,,0.001799000000,  -2.04000,
,,,0.001800000000,  -2.04000,
,,,0.001801000000,  -2.04000,
,,,0.001802000000,  -2.04000,
,,,0.001803000000,  -2.04000,
,,,0.001804000000,  -2.04000,
,,,0.001805000000,  -2.04000,
,,,0.001806000000,  -2.04000,
,,,0.001807000000,  -2.04000,
,,,0.001808000000,  -2.04000,
,,,0.001809000000,  -2.04000,
,,,0.001810000000,  -2.04000,
,,,0.001811000000,  -2.04000,
,,,0.001812000000,  -2.08000,
,,,0.001813000000,  -2.08000,
,,,0.001814000000,  -2.08000,
,,,0.001815000000,  -2.04000,
,,,0.001816000000,  -2.08000,
,,,0.001817000000,  -2.08000,
,,,0.001818000000,  -2.08000,
,,,0.001819000000,  -2.08000,
,,,0.001820000000,  -2.08000,
,,,0.001821000000,  -2.08000,
,,,0.001822000000,  -2.08000,
,,,0.001823000000,  -2.08000,
,,,0.001824000000,  -2.08000,
,,,0.001825000000,  -2.08000,
,,,0.001826000000,  -2.08000,
,,,0.001827000000,  -2.08000,
,,,0.001828000000,  -2.08000,
,,,0.001829000000,  -2.12000,
,,,0.001830000000,  -2.12000,
,,,0.001831000000,  -2.08000,
,,,0.001832000000,  -2.12000,
,,,0.001833000000,  -2.08000,
,,,0.001834000000,  -2.08000,
,,,0.001835000000,  -2.12000,
,,,0.001836000000,  -2.12000,
,,,0.001837000000,  -2.12000,
,,,0.001838000000,  -2.12000,
,,,0.001839000000,  -2.12000,
,,,0.001840000000,  -2.12000,
,,,0.001841000000,  -2.12000,
,,,0.001842000000,  -2.16000,
,,,0.001843000000,  -2.12000,
,,,0.001844000000,  -2.12000,
,,,0.001845000000,  -2.12000,
,,,0.001846000000,  -2.16000,
,,,0.001847000000,  -2.16000,
,,,0.001848000000,  -2.16000,
,,,0.001849000000,  -2.16000,
,,,0.001850000000,  -2.12000,
,,,0.001851000000,  -2.16000,
,,,0.001852000000,  -2.16000,
,,,0.001853000000,  -2.16000,
,,,0.001854000000,  -2.16000,
,,,0.001855000000,  -2.16000,
,,,0.001856000000,  -2.16000,
,,,0.001857000000,  -2.20000,
,,,0.001858000000,  -2.16000,
,,,0.001859000000,  -2.16000,
,,,0.001860000000,  -2.20000,
,,,0.001861000000,  -2.20000,
,,,0.001862000000,  -2.16000,
,,,0.001863000000,  -2.20000,
,,,0.001864000000,  -2.20000,
,,,0.001865000000,  -2.20000,
,,,0.001866000000,  -2.20000,
,,,0.001867000000,  -2.20000,
,,,0.001868000000,  -2.20000,
,,,0.001869000000,  -2.20000,
,,,0.001870000000,  -2.20000,
,,,0.001871000000,  -2.20000,
,,,0.001872000000,  -2.20000,
,,,0.001873000000,  -2.20000,
,,,0.001874000000,  -2.20000,
,,,0.001875000000,  -2.20000,
,,,0.001876000000,  -2.20000,
,,,0.001877000000,  -2.20000,
,,,0.001878000000,  -2.20000,
,,,0.001879000000,  -2.20000,
,,,0.001880000000,  -2.24000,
,,,0.001881000000,  -2.20000,
,,,0.001882000000,  -2.20000,
,,,0.001883000000,  -2.20000,
,,,0.001884000000,  -2.20000,
,,,0.001885000000,  -2.24000,
,,,0.001886000000,  -2.24000,
,,,0.001887000000,  -2.24000,
,,,0.001888000000,  -2.24000,
,,,0.001889000000,  -2.24000,
,,,0.001890000000,  -2.24000,
,,,0.001891000000,  -2.20000,
,,,0.001892000000,  -2.24000,
,,,0.001893000000,  -2.24000,
,,,0.001894000000,  -2.28000,
,,,0.001895000000,  -2.24000,
,,,0.001896000000,  -2.24000,
,,,0.001897000000,  -2.28000,
,,,0.001898000000,  -2.28000,
,,,0.001899000000,  -2.24000,
,,,0.001900000000,  -2.24000,
,,,0.001901000000,  -2.28000,
,,,0.001902000000,  -2.28000,
,,,0.001903000000,  -2.24000,
,,,0.001904000000,  -2.28000,
,,,0.001905000000,  -2.28000,
,,,0.001906000000,  -2.28000,
,,,0.001907000000,  -2.28000,
,,,0.001908000000,  -2.28000,
,,,0.001909000000,  -2.28000,
,,,0.001910000000,  -2.28000,
,,,0.001911000000,  -2.28000,
,,,0.001912000000,  -2.28000,
,,,0.001913000000,  -2.28000,
,,,0.001914000000,  -2.28000,
,,,0.001915000000,  -2.28000,
,,,0.001916000000,  -2.28000,
,,,0.001917000000,  -2.32000,
,,,0.001918000000,  -2.32000,
,,,0.001919000000,  -2.32000,
,,,0.001920000000,  -2.28000,
,,,0.001921000000,  -2.32000,
,,,0.001922000000,  -2.32000,
,,,0.001923000000,  -2.32000,
,,,0.001924000000,  -2.32000,
,,,0.001925000000,  -2.32000,
,,,0.001926000000,  -2.32000,
,,,0.001927000000,  -2.32000,
,,,0.001928000000,  -2.32000,
,,,0.001929000000,  -2.32000,
,,,0.001930000000,  -2.32000,
,,,0.001931000000,  -2.32000,
,,,0.001932000000,  -2.32000,
,,,0.001933000000,  -2.32000,
,,,0.001934000000,  -2.32000,
,,,0.001935000000,  -2.36000,
,,,0.001936000000,  -2.32000,
,,,0.001937000000,  -2.32000,
,,,0.001938000000,  -2.36000,
,,,0.001939000000,  -2.36000,
,,,0.001940000000,  -2.32000,
,,,0.001941000000,  -2.36000,
,,,0.001942000000,  -2.32000,
,,,0.001943000000,  -2.36000,
,,,0.001944000000,  -2.36000,
,,,0.001945000000,  -2.36000,
,,,0.001946000000,  -2.36000,
,,,0.001947000000,  -2.36000,
,,,0.001948000000,  -2.36000,
,,,0.001949000000,  -2.36000,
,,,0.001950000000,  -2.36000,
,,,0.001951000000,  -2.32000,
,,,0.001952000000,  -2.36000,
,,,0.001953000000,  -2.36000,
,,,0.001954000000,  -2.36000,
,,,0.001955000000,  -2.36000,
,,,0.001956000000,  -2.40000,
,,,0.001957000000,  -2.36000,
,,,0.001958000000,  -2.40000,
,,,0.001959000000,  -2.40000,
,,,0.001960000000,  -2.40000,
,,,0.001961000000,  -2.40000,
,,,0.001962000000,  -2.36000,
,,,0.001963000000,  -2.36000,
,,,0.001964000000,  -2.40000,
,,,0.001965000000,  -2.40000,
,,,0.001966000000,  -2.40000,
,,,0.001967000000,  -2.40000,
,,,0.001968000000,  -2.40000,
,,,0.001969000000,  -2.40000,
,,,0.001970000000,  -2.40000,
,,,0.001971000000,  -2.40000,
,,,0.001972000000,  -2.40000,
,,,0.001973000000,  -2.40000,
,,,0.001974000000,  -2.40000,
,,,0.001975000000,  -2.40000,
,,,0.001976000000,  -2.40000,
,,,0.001977000000,  -2.40000,
,,,0.001978000000,  -2.40000,
,,,0.001979000000,  -2.40000,
,,,0.001980000000,  -2.40000,
,,,0.001981000000,  -2.40000,
,,,0.001982000000,  -2.40000,
,,,0.001983000000,  -2.40000,
,,,0.001984000000,  -2.40000,
,,,0.001985000000,  -2.44000,
,,,0.001986000000,  -2.44000,
,,,0.001987000000,  -2.40000,
,,,0.001988000000,  -2.44000,
,,,0.001989000000,  -2.44000,
,,,0.001990000000,  -2.44000,
,,,0.001991000000,  -2.44000,
,,,0.001992000000,  -2.40000,
,,,0.001993000000,  -2.40000,
,,,0.001994000000,  -2.44000,
,,,0.001995000000,  -2.44000,
,,,0.001996000000,  -2.44000,
,,,0.001997000000,  -2.44000,
,,,0.001998000000,  -2.48000,
,,,0.001999000000,  -2.44000,
,,,0.002000000000,  -2.48000,
,,,0.002001000000,  -2.44000,
,,,0.002002000000,  -2.48000,
,,,0.002003000000,  -2.48000,
,,,0.002004000000,  -2.48000,
,,,0.002005000000,  -2.44000,
,,,0.002006000000,  -2.48000,
,,,0.002007000000,  -2.44000,
,,,0.002008000000,  -2.48000,
,,,0.002009000000,  -2.48000,
,,,0.002010000000,  -2.48000,
,,,0.002011000000,  -2.48000,
,,,0.002012000000,  -2.48000,
,,,0.002013000000,  -2.48000,
,,,0.002014000000,  -2.48000,
,,,0.002015000000,  -2.48000,
,,,0.002016000000,  -2.48000,
,,,0.002017000000,  -2.48000,
,,,0.002018000000,  -2.48000,
,,,0.002019000000,  -2.48000,
,,,0.002020000000,  -2.52000,
,,,0.002021000000,  -2.48000,
,,,0.002022000000,  -2.48000,
,,,0.002023000000,  -2.48000,
,,,0.002024000000,  -2.52000,
,,,0.002025000000,  -2.48000,
,,,0.002026000000,  -2.48000,
,,,0.002027000000,  -2.52000,
,,,0.002028000000,  -2.52000,
,,,0.002029000000,  -2.52000,
,,,0.002030000000,  -2.52000,
,,,0.002031000000,  -2.52000,
,,,0.002032000000,  -2.52000,
,,,0.002033000000,  -2.52000,
,,,0.002034000000,  -2.52000,
,,,0.002035000000,  -2.52000,
,,,0.002036000000,  -2.52000,
,,,0.002037000000,  -2.52000,
,,,0.002038000000,  -2.52000,
,,,0.002039000000,  -2.52000,
,,,0.002040000000,  -2.52000,
,,,0.002041000000,  -2.52000,
,,,0.002042000000,  -2.52000,
,,,0.002043000000,  -2.52000,
,,,0.002044000000,  -2.52000,
,,,0.002045000000,  -2.52000,
,,,0.002046000000,  -2.56000,
,,,0.002047000000,  -2.52000,
,,,0.002048000000,  -2.52000,
,,,0.002049000000,  -2.56000,
,,,0.002050000000,  -2.56000,
,,,0.002051000000,  -2.56000,
,,,0.002052000000,  -2.56000,
,,,0.002053000000,  -2.56000,
,,,0.002054000000,  -2.56000,
,,,0.002055000000,  -2.56000,
,,,0.002056000000,  -2.56000,
,,,0.002057000000,  -2.56000,
,,,0.002058000000,  -2.56000,
,,,0.002059000000,  -2.56000,
,,,0.002060000000,  -2.56000,
,,,0.002061000000,  -2.56000,
,,,0.002062000000,  -2.56000,
,,,0.002063000000,  -2.52000,
,,,0.002064000000,  -2.56000,
,,,0.002065000000,  -2.56000,
,,,0.002066000000,  -2.56000,
,,,0.002067000000,  -2.56000,
,,,0.002068000000,  -2.56000,
,,,0.002069000000,  -2.56000,
,,,0.002070000000,  -2.56000,
,,,0.002071000000,  -2.56000,
,,,0.002072000000,  -2.60000,
,,,0.002073000000,  -2.60000,
,,,0.002074000000,  -2.60000,
,,,0.002075000000,  -2.60000,
,,,0.002076000000,  -2.60000,
,,,0.002077000000,  -2.60000,
,,,0.002078000000,  -2.60000,
,,,0.002079000000,  -2.60000,
,,,0.002080000000,  -2.60000,
,,,0.002081000000,  -2.60000,
,,,0.002082000000,  -2.60000,
,,,0.002083000000,  -2.60000,
,,,0.002084000000,  -2.60000,
,,,0.002085000000,  -2.60000,
,,,0.002086000000,  -2.60000,
,,,0.002087000000,  -2.60000,
,,,0.002088000000,  -2.60000,
,,,0.002089000000,  -2.60000,
,,,0.002090000000,  -2.60000,
,,,0.002091000000,  -2.60000,
,,,0.002092000000,  -2.64000,
,,,0.002093000000,  -2.60000,
,,,0.002094000000,  -2.60000,
,,,0.002095000000,  -2.64000,
,,,0.002096000000,  -2.64000,
,,,0.002097000000,  -2.60000,
,,,0.002098000000,  -2.64000,
,,,0.002099000000,  -2.64000,
,,,0.002100000000,  -2.60000,
,,,0.002101000000,  -2.64000,
,,,0.002102000000,  -2.64000,
,,,0.002103000000,  -2.64000,
,,,0.002104000000,  -2.60000,
,,,0.002105000000,  -2.64000,
,,,0.002106000000,  -2.64000,
,,,0.002107000000,  -2.64000,
,,,0.002108000000,  -2.64000,
,,,0.002109000000,  -2.64000,
,,,0.002110000000,  -2.64000,
,,,0.002111000000,  -2.64000,
,,,0.002112000000,  -2.64000,
,,,0.002113000000,  -2.64000,
,,,0.002114000000,  -2.64000,
,,,0.002115000000,  -2.64000,
,,,0.002116000000,  -2.64000,
,,,0.002117000000,  -2.64000,
,,,0.002118000000,  -2.64000,
,,,0.002119000000,  -2.64000,
,,,0.002120000000,  -2.64000,
,,,0.002121000000,  -2.68000,
,,,0.002122000000,  -2.64000,
,,,0.002123000000,  -2.64000,
,,,0.002124000000,  -2.68000,
,,,0.002125000000,  -2.64000,
,,,0.002126000000,  -2.68000,
,,,0.002127000000,  -2.68000,
,,,0.002128000000,  -2.64000,
,,,0.002129000000,  -2.64000,
,,,0.002130000000,  -2.68000,
,,,0.002131000000,  -2.68000,
,,,0.002132000000,  -2.64000,
,,,0.002133000000,  -2.64000,
,,,0.002134000000,  -2.68000,
,,,0.002135000000,  -2.68000,
,,,0.002136000000,  -2.68000,
,,,0.002137000000,  -2.68000,
,,,0.002138000000,  -2.68000,
,,,0.002139000000,  -2.68000,
,,,0.002140000000,  -2.68000,
,,,0.002141000000,  -2.68000,
,,,0.002142000000,  -2.68000,
,,,0.002143000000,  -2.68000,
,,,0.002144000000,  -2.68000,
,,,0.002145000000,  -2.72000,
,,,0.002146000000,  -2.72000,
,,,0.002147000000,  -2.68000,
,,,0.002148000000,  -2.72000,
,,,0.002149000000,  -2.68000,
,,,0.002150000000,  -2.72000,
,,,0.002151000000,  -2.68000,
,,,0.002152000000,  -2.68000,
,,,0.002153000000,  -2.72000,
,,,0.002154000000,  -2.72000,
,,,0.002155000000,  -2.68000,
,,,0.002156000000,  -2.72000,
,,,0.002157000000,  -2.72000,
,,,0.002158000000,  -2.68000,
,,,0.002159000000,  -2.72000,
,,,0.002160000000,  -2.68000,
,,,0.002161000000,  -2.68000,
,,,0.002162000000,  -2.72000,
,,,0.002163000000,  -2.72000,
,,,0.002164000000,  -2.72000,
,,,0.002165000000,  -2.72000,
,,,0.002166000000,  -2.72000,
,,,0.002167000000,  -2.72000,
,,,0.002168000000,  -2.72000,
,,,0.002169000000,  -2.72000,
,,,0.002170000000,  -2.76000,
,,,0.002171000000,  -2.72000,
,,,0.002172000000,  -2.72000,
,,,0.002173000000,  -2.72000,
,,,0.002174000000,  -2.72000,
,,,0.002175000000,  -2.72000,
,,,0.002176000000,  -2.72000,
,,,0.002177000000,  -2.72000,
,,,0.002178000000,  -2.76000,
,,,0.002179000000,  -2.72000,
,,,0.002180000000,  -2.72000,
,,,0.002181000000,  -2.72000,
,,,0.002182000000,  -2.76000,
,,,0.002183000000,  -2.72000,
,,,0.002184000000,  -2.76000,
,,,0.002185000000,  -2.76000,
,,,0.002186000000,  -2.72000,
,,,0.002187000000,  -2.76000,
,,,0.002188000000,  -2.76000,
,,,0.002189000000,  -2.76000,
,,,0.002190000000,  -2.76000,
,,,0.002191000000,  -2.76000,
,,,0.002192000000,  -2.76000,
,,,0.002193000000,  -2.76000,
,,,0.002194000000,  -2.76000,
,,,0.002195000000,  -2.76000,
,,,0.002196000000,  -2.76000,
,,,0.002197000000,  -2.76000,
,,,0.002198000000,  -2.76000,
,,,0.002199000000,  -2.76000,
,,,0.002200000000,  -2.76000,
,,,0.002201000000,  -2.76000,
,,,0.002202000000,  -2.76000,
,,,0.002203000000,  -2.76000,
,,,0.002204000000,  -2.76000,
,,,0.002205000000,  -2.76000,
,,,0.002206000000,  -2.76000,
,,,0.002207000000,  -2.76000,
,,,0.002208000000,  -2.76000,
,,,0.002209000000,  -2.76000,
,,,0.002210000000,  -2.76000,
,,,0.002211000000,  -2.76000,
,,,0.002212000000,  -2.76000,
,,,0.002213000000,  -2.76000,
,,,0.002214000000,  -2.80000,
,,,0.002215000000,  -2.80000,
,,,0.002216000000,  -2.80000,
,,,0.002217000000,  -2.80000,
,,,0.002218000000,  -2.80000,
,,,0.002219000000,  -2.76000,
,,,0.002220000000,  -2.76000,
,,,0.002221000000,  -2.76000,
,,,0.002222000000,  -2.80000,
,,,0.002223000000,  -2.76000,
,,,0.002224000000,  -2.80000,
,,,0.002225000000,  -2.80000,
,,,0.002226000000,  -2.76000,
,,,0.002227000000,  -2.80000,
,,,0.002228000000,  -2.80000,
,,,0.002229000000,  -2.80000,
,,,0.002230000000,  -2.80000,
,,,0.002231000000,  -2.80000,
,,,0.002232000000,  -2.80000,
,,,0.002233000000,  -2.80000,
,,,0.002234000000,  -2.84000,
,,,0.002235000000,  -2.80000,
,,,0.002236000000,  -2.80000,
,,,0.002237000000,  -2.80000,
,,,0.002238000000,  -2.84000,
,,,0.002239000000,  -2.80000,
,,,0.002240000000,  -2.80000,
,,,0.002241000000,  -2.84000,
,,,0.002242000000,  -2.80000,
,,,0.002243000000,  -2.84000,
,,,0.002244000000,  -2.84000,
,,,0.002245000000,  -2.84000,
,,,0.002246000000,  -2.84000,
,,,0.002247000000,  -2.80000,
,,,0.002248000000,  -2.80000,
,,,0.002249000000,  -2.84000,
,,,0.002250000000,  -2.84000,
,,,0.002251000000,  -2.80000,
,,,0.002252000000,  -2.84000,
,,,0.002253000000,  -2.84000,
,,,0.002254000000,  -2.84000,
,,,0.002255000000,  -2.84000,
,,,0.002256000000,  -2.84000,
,,,0.002257000000,  -2.84000,
,,,0.002258000000,  -2.84000,
,,,0.002259000000,  -2.84000,
,,,0.002260000000,  -2.84000,
,,,0.002261000000,  -2.84000,
,,,0.002262000000,  -2.84000,
,,,0.002263000000,  -2.84000,
,,,0.002264000000,  -2.84000,
,,,0.002265000000,  -2.84000,
,,,0.002266000000,  -2.84000,
,,,0.002267000000,  -2.88000,
,,,0.002268000000,  -2.84000,
,,,0.002269000000,  -2.84000,
,,,0.002270000000,  -2.84000,
,,,0.002271000000,  -2.84000,
,,,0.002272000000,  -2.84000,
,,,0.002273000000,  -2.84000,
,,,0.002274000000,  -2.84000,
,,,0.002275000000,  -2.88000,
,,,0.002276000000,  -2.88000,
,,,0.002277000000,  -2.84000,
,,,0.002278000000,  -2.84000,
,,,0.002279000000,  -2.88000,
,,,0.002280000000,  -2.88000,
,,,0.002281000000,  -2.88000,
,,,0.002282000000,  -2.88000,
,,,0.002283000000,  -2.88000,
,,,0.002284000000,  -2.88000,
,,,0.002285000000,  -2.88000,
,,,0.002286000000,  -2.88000,
,,,0.002287000000,  -2.88000,
,,,0.002288000000,  -2.88000,
,,,0.002289000000,  -2.88000,
,,,0.002290000000,  -2.88000,
,,,0.002291000000,  -2.88000,
,,,0.002292000000,  -2.88000,
,,,0.002293000000,  -2.88000,
,,,0.002294000000,  -2.88000,
,,,0.002295000000,  -2.88000,
,,,0.002296000000,  -2.88000,
,,,0.002297000000,  -2.88000,
,,,0.002298000000,  -2.88000,
,,,0.002299000000,  -2.88000,
,,,0.002300000000,  -2.88000,
,,,0.002301000000,  -2.88000,
,,,0.002302000000,  -2.88000,
,,,0.002303000000,  -2.88000,
,,,0.002304000000,  -2.88000,
,,,0.002305000000,  -2.88000,
,,,0.002306000000,  -2.88000,
,,,0.002307000000,  -2.88000,
,,,0.002308000000,  -2.88000,
,,,0.002309000000,  -2.88000,
,,,0.002310000000,  -2.88000,
,,,0.002311000000,  -2.88000,
,,,0.002312000000,  -2.88000,
,,,0.002313000000,  -2.92000,
,,,0.002314000000,  -2.88000,
,,,0.002315000000,  -2.88000,
,,,0.002316000000,  -2.92000,
,,,0.002317000000,  -2.88000,
,,,0.002318000000,  -2.92000,
,,,0.002319000000,  -2.92000,
,,,0.002320000000,  -2.92000,
,,,0.002321000000,  -2.92000,
,,,0.002322000000,  -2.92000,
,,,0.002323000000,  -2.92000,
,,,0.002324000000,  -2.92000,
,,,0.002325000000,  -2.92000,
,,,0.002326000000,  -2.92000,
,,,0.002327000000,  -2.92000,
,,,0.002328000000,  -2.92000,
,,,0.002329000000,  -2.92000,
,,,0.002330000000,  -2.92000,
,,,0.002331000000,  -2.92000,
,,,0.002332000000,  -2.92000,
,,,0.002333000000,  -2.92000,
,,,0.002334000000,  -2.92000,
,,,0.002335000000,  -2.92000,
,,,0.002336000000,  -2.92000,
,,,0.002337000000,  -2.92000,
,,,0.002338000000,  -2.92000,
,,,0.002339000000,  -2.92000,
,,,0.002340000000,  -2.92000,
,,,0.002341000000,  -2.96000,
,,,0.002342000000,  -2.92000,
,,,0.002343000000,  -2.92000,
,,,0.002344000000,  -2.92000,
,,,0.002345000000,  -2.92000,
,,,0.002346000000,  -2.96000,
,,,0.002347000000,  -2.92000,
,,,0.002348000000,  -2.92000,
,,,0.002349000000,  -2.92000,
,,,0.002350000000,  -2.92000,
,,,0.002351000000,  -2.96000,
,,,0.002352000000,  -2.92000,
,,,0.002353000000,  -2.96000,
,,,0.002354000000,  -2.96000,
,,,0.002355000000,  -2.92000,
,,,0.002356000000,  -2.96000,
,,,0.002357000000,  -2.96000,
,,,0.002358000000,  -2.96000,
,,,0.002359000000,  -2.96000,
,,,0.002360000000,  -2.92000,
,,,0.002361000000,  -2.96000,
,,,0.002362000000,  -3.00000,
,,,0.002363000000,  -2.96000,
,,,0.002364000000,  -2.96000,
,,,0.002365000000,  -2.96000,
,,,0.002366000000,  -2.96000,
,,,0.002367000000,  -2.96000,
,,,0.002368000000,  -2.96000,
,,,0.002369000000,  -3.00000,
,,,0.002370000000,  -2.96000,
,,,0.002371000000,  -2.96000,
,,,0.002372000000,  -2.96000,
,,,0.002373000000,  -2.96000,
,,,0.002374000000,  -3.00000,
,,,0.002375000000,  -2.96000,
,,,0.002376000000,  -2.96000,
,,,0.002377000000,  -3.00000,
,,,0.002378000000,  -2.96000,
,,,0.002379000000,  -3.00000,
,,,0.002380000000,  -2.96000,
,,,0.002381000000,  -3.00000,
,,,0.002382000000,  -2.96000,
,,,0.002383000000,  -3.00000,
,,,0.002384000000,  -3.00000,
,,,0.002385000000,  -3.00000,
,,,0.002386000000,  -3.00000,
,,,0.002387000000,  -3.00000,
,,,0.002388000000,  -3.00000,
,,,0.002389000000,  -2.96000,
,,,0.002390000000,  -3.00000,
,,,0.002391000000,  -3.00000,
,,,0.002392000000,  -3.00000,
,,,0.002393000000,  -3.00000,
,,,0.002394000000,  -3.00000,
,,,0.002395000000,  -3.00000,
,,,0.002396000000,  -3.00000,
,,,0.002397000000,  -3.00000,
,,,0.002398000000,  -3.00000,
,,,0.002399000000,  -3.00000,
,,,0.002400000000,  -3.00000,
,,,0.002401000000,  -3.00000,
,,,0.002402000000,  -3.00000,
,,,0.002403000000,  -3.00000,
,,,0.002404000000,  -3.00000,
,,,0.002405000000,  -3.00000,
,,,0.002406000000,  -3.00000,
,,,0.002407000000,  -3.00000,
,,,0.002408000000,  -3.00000,
,,,0.002409000000,  -3.00000,
,,,0.002410000000,  -3.00000,
,,,0.002411000000,  -3.00000,
,,,0.002412000000,  -3.00000,
,,,0.002413000000,  -3.04000,
,,,0.002414000000,  -3.00000,
,,,0.002415000000,  -3.00000,
,,,0.002416000000,  -3.00000,
,,,0.002417000000,  -3.04000,
,,,0.002418000000,  -3.00000,
,,,0.002419000000,  -3.00000,
,,,0.002420000000,  -3.00000,
,,,0.002421000000,  -3.00000,
,,,0.002422000000,  -3.04000,
,,,0.002423000000,  -3.00000,
,,,0.002424000000,  -3.04000,
,,,0.002425000000,  -3.00000,
,,,0.002426000000,  -3.00000,
,,,0.002427000000,  -3.00000,
,,,0.002428000000,  -3.00000,
,,,0.002429000000,  -3.04000,
,,,0.002430000000,  -3.00000,
,,,0.002431000000,  -3.00000,
,,,0.002432000000,  -3.00000,
,,,0.002433000000,  -3.04000,
,,,0.002434000000,  -3.00000,
,,,0.002435000000,  -3.04000,
,,,0.002436000000,  -3.04000,
,,,0.002437000000,  -3.04000,
,,,0.002438000000,  -3.04000,
,,,0.002439000000,  -3.04000,
,,,0.002440000000,  -3.04000,
,,,0.002441000000,  -3.04000,
,,,0.002442000000,  -3.04000,
,,,0.002443000000,  -3.04000,
,,,0.002444000000,  -3.04000,
,,,0.002445000000,  -3.04000,
,,,0.002446000000,  -3.04000,
,,,0.002447000000,  -3.04000,
,,,0.002448000000,  -3.04000,
,,,0.002449000000,  -3.04000,
,,,0.002450000000,  -3.04000,
,,,0.002451000000,  -3.04000,
,,,0.002452000000,  -3.04000,
,,,0.002453000000,  -3.04000,
,,,0.002454000000,  -3.04000,
,,,0.002455000000,  -3.04000,
,,,0.002456000000,  -3.04000,
,,,0.002457000000,  -3.04000,
,,,0.002458000000,  -3.04000,
,,,0.002459000000,  -3.00000,
,,,0.002460000000,  -3.04000,
,,,0.002461000000,  -3.04000,
,,,0.002462000000,  -3.04000,
,,,0.002463000000,  -3.04000,
,,,0.002464000000,  -3.04000,
,,,0.002465000000,  -3.04000,
,,,0.002466000000,  -3.04000,
,,,0.002467000000,  -3.04000,
,,,0.002468000000,  -3.08000,
,,,0.002469000000,  -3.04000,
,,,0.002470000000,  -3.04000,
,,,0.002471000000,  -3.04000,
,,,0.002472000000,  -3.08000,
,,,0.002473000000,  -3.04000,
,,,0.002474000000,  -3.08000,
,,,0.002475000000,  -3.08000,
,,,0.002476000000,  -3.04000,
,,,0.002477000000,  -3.04000,
,,,0.002478000000,  -3.04000,
,,,0.002479000000,  -3.08000,
,,,0.002480000000,  -3.04000,
,,,0.002481000000,  -3.04000,
,,,0.002482000000,  -3.08000,
,,,0.002483000000,  -3.08000,
,,,0.002484000000,  -3.08000,
,,,0.002485000000,  -3.08000,
,,,0.002486000000,  -3.08000,
,,,0.002487000000,  -3.08000,
,,,0.002488000000,  -3.08000,
,,,0.002489000000,  -3.04000,
,,,0.002490000000,  -3.04000,
,,,0.002491000000,  -3.08000,
,,,0.002492000000,  -3.08000,
,,,0.002493000000,  -3.08000,
,,,0.002494000000,  -3.12000,
,,,0.002495000000,  -3.08000,
,,,0.002496000000,  -3.08000,
,,,0.002497000000,  -3.08000,
,,,0.002498000000,  -3.08000,
,,,0.002499000000,  -3.08000,
,,,0.002500000000,  -3.08000,
,,,0.002501000000,  -3.08000,
,,,0.002502000000,  -3.08000,
,,,0.002503000000,  -3.08000,
,,,0.002504000000,  -3.08000,
,,,0.002505000000,  -3.08000,
,,,0.002506000000,  -3.08000,
,,,0.002507000000,  -3.08000,
,,,0.002508000000,  -3.08000,
,,,0.002509000000,  -3.08000,
,,,0.002510000000,  -3.08000,
,,,0.002511000000,  -3.12000,
,,,0.002512000000,  -3.08000,
,,,0.002513000000,  -3.08000,
,,,0.002514000000,  -3.12000,
,,,0.002515000000,  -3.12000,
,,,0.002516000000,  -3.12000,
,,,0.002517000000,  -3.12000,
,,,0.002518000000,  -3.12000,
,,,0.002519000000,  -3.12000,
,,,0.002520000000,  -3.08000,
,,,0.002521000000,  -3.12000,
,,,0.002522000000,  -3.12000,
,,,0.002523000000,  -3.12000,
,,,0.002524000000,  -3.12000,
,,,0.002525000000,  -3.12000,
,,,0.002526000000,  -3.12000,
,,,0.002527000000,  -3.12000,
,,,0.002528000000,  -3.12000,
,,,0.002529000000,  -3.12000,
,,,0.002530000000,  -3.12000,
,,,0.002531000000,  -3.08000,
,,,0.002532000000,  -3.08000,
,,,0.002533000000,  -3.08000,
,,,0.002534000000,  -3.08000,
,,,0.002535000000,  -3.08000,
,,,0.002536000000,  -3.04000,
,,,0.002537000000,  -3.04000,
,,,0.002538000000,  -3.04000,
,,,0.002539000000,  -3.04000,
,,,0.002540000000,  -3.00000,
,,,0.002541000000,  -3.00000,
,,,0.002542000000,  -3.00000,
,,,0.002543000000,  -3.00000,
,,,0.002544000000,  -3.00000,
,,,0.002545000000,  -2.96000,
,,,0.002546000000,  -2.96000,
,,,0.002547000000,  -2.96000,
,,,0.002548000000,  -2.96000,
,,,0.002549000000,  -2.96000,
,,,0.002550000000,  -2.92000,
,,,0.002551000000,  -2.92000,
,,,0.002552000000,  -2.92000,
,,,0.002553000000,  -2.92000,
,,,0.002554000000,  -2.88000,
,,,0.002555000000,  -2.88000,
,,,0.002556000000,  -2.88000,
,,,0.002557000000,  -2.88000,
,,,0.002558000000,  -2.84000,
,,,0.002559000000,  -2.84000,
,,,0.002560000000,  -2.84000,
,,,0.002561000000,  -2.84000,
,,,0.002562000000,  -2.84000,
,,,0.002563000000,  -2.80000,
,,,0.002564000000,  -2.80000,
,,,0.002565000000,  -2.80000,
,,,0.002566000000,  -2.80000,
,,,0.002567000000,  -2.76000,
,,,0.002568000000,  -2.80000,
,,,0.002569000000,  -2.76000,
,,,0.002570000000,  -2.76000,
,,,0.002571000000,  -2.76000,
,,,0.002572000000,  -2.72000,
,,,0.002573000000,  -2.72000,
,,,0.002574000000,  -2.72000,
,,,0.002575000000,  -2.72000,
,,,0.002576000000,  -2.72000,
,,,0.002577000000,  -2.72000,
,,,0.002578000000,  -2.68000,
,,,0.002579000000,  -2.68000,
,,,0.002580000000,  -2.68000,
,,,0.002581000000,  -2.68000,
,,,0.002582000000,  -2.64000,
,,,0.002583000000,  -2.64000,
,,,0.002584000000,  -2.68000,
,,,0.002585000000,  -2.64000,
,,,0.002586000000,  -2.60000,
,,,0.002587000000,  -2.60000,
,,,0.002588000000,  -2.60000,
,,,0.002589000000,  -2.60000,
,,,0.002590000000,  -2.60000,
,,,0.002591000000,  -2.60000,
,,,0.002592000000,  -2.60000,
,,,0.002593000000,  -2.56000,
,,,0.002594000000,  -2.56000,
,,,0.002595000000,  -2.56000,
,,,0.002596000000,  -2.52000,
,,,0.002597000000,  -2.52000,
,,,0.002598000000,  -2.52000,
,,,0.002599000000,  -2.52000,
,,,0.002600000000,  -2.52000,
,,,0.002601000000,  -2.52000,
,,,0.002602000000,  -2.48000,
,,,0.002603000000,  -2.48000,
,,,0.002604000000,  -2.48000,
,,,0.002605000000,  -2.44000,
,,,0.002606000000,  -2.44000,
,,,0.002607000000,  -2.44000,
,,,0.002608000000,  -2.44000,
,,,0.002609000000,  -2.44000,
,,,0.002610000000,  -2.40000,
,,,0.002611000000,  -2.40000,
,,,0.002612000000,  -2.40000,
,,,0.002613000000,  -2.40000,
,,,0.002614000000,  -2.36000,
,,,0.002615000000,  -2.36000,
,,,0.002616000000,  -2.36000,
,,,0.002617000000,  -2.36000,
,,,0.002618000000,  -2.36000,
,,,0.002619000000,  -2.36000,
,,,0.002620000000,  -2.32000,
,,,0.002621000000,  -2.32000,
,,,0.002622000000,  -2.32000,
,,,0.002623000000,  -2.32000,
,,,0.002624000000,  -2.32000,
,,,0.002625000000,  -2.28000,
,,,0.002626000000,  -2.28000,
,,,0.002627000000,  -2.32000,
,,,0.002628000000,  -2.28000,
,,,0.002629000000,  -2.28000,
,,,0.002630000000,  -2.28000,
,,,0.002631000000,  -2.24000,
,,,0.002632000000,  -2.24000,
,,,0.002633000000,  -2.20000,
,,,0.002634000000,  -2.20000,
,,,0.002635000000,  -2.20000,
,,,0.002636000000,  -2.20000,
,,,0.002637000000,  -2.20000,
,,,0.002638000000,  -2.20000,
,,,0.002639000000,  -2.20000,
,,,0.002640000000,  -2.20000,
,,,0.002641000000,  -2.16000,
,,,0.002642000000,  -2.16000,
,,,0.002643000000,  -2.16000,
,,,0.002644000000,  -2.12000,
,,,0.002645000000,  -2.12000,
,,,0.002646000000,  -2.12000,
,,,0.002647000000,  -2.12000,
,,,0.002648000000,  -2.12000,
,,,0.002649000000,  -2.08000,
,,,0.002650000000,  -2.08000,
,,,0.002651000000,  -2.08000,
,,,0.002652000000,  -2.04000,
,,,0.002653000000,  -2.08000,
,,,0.002654000000,  -2.08000,
,,,0.002655000000,  -2.08000,
,,,0.002656000000,  -2.04000,
,,,0.002657000000,  -2.04000,
,,,0.002658000000,  -2.00000,
,,,0.002659000000,  -2.04000,
,,,0.002660000000,  -2.00000,
,,,0.002661000000,  -2.00000,
,,,0.002662000000,  -2.00000,
,,,0.002663000000,  -2.00000,
,,,0.002664000000,  -1.96000,
,,,0.002665000000,  -2.00000,
,,,0.002666000000,  -1.96000,
,,,0.002667000000,  -1.96000,
,,,0.002668000000,  -1.96000,
,,,0.002669000000,  -1.96000,
,,,0.002670000000,  -1.96000,
,,,0.002671000000,  -1.92000,
,,,0.002672000000,  -1.92000,
,,,0.002673000000,  -1.92000,
,,,0.002674000000,  -1.92000,
,,,0.002675000000,  -1.92000,
,,,0.002676000000,  -1.92000,
,,,0.002677000000,  -1.88000,
,,,0.002678000000,  -1.88000,
,,,0.002679000000,  -1.88000,
,,,0.002680000000,  -1.88000,
,,,0.002681000000,  -1.84000,
,,,0.002682000000,  -1.84000,
,,,0.002683000000,  -1.84000,
,,,0.002684000000,  -1.84000,
,,,0.002685000000,  -1.80000,
,,,0.002686000000,  -1.84000,
,,,0.002687000000,  -1.84000,
,,,0.002688000000,  -1.80000,
,,,0.002689000000,  -1.80000,
,,,0.002690000000,  -1.80000,
,,,0.002691000000,  -1.80000,
,,,0.002692000000,  -1.76000,
,,,0.002693000000,  -1.76000,
,,,0.002694000000,  -1.76000,
,,,0.002695000000,  -1.76000,
,,,0.002696000000,  -1.76000,
,,,0.002697000000,  -1.76000,
,,,0.002698000000,  -1.72000,
,,,0.002699000000,  -1.72000,
,,,0.002700000000,  -1.72000,
,,,0.002701000000,  -1.72000,
,,,0.002702000000,  -1.72000,
,,,0.002703000000,  -1.68000,
,,,0.002704000000,  -1.68000,
,,,0.002705000000,  -1.68000,
,,,0.002706000000,  -1.68000,
,,,0.002707000000,  -1.68000,
,,,0.002708000000,  -1.68000,
,,,0.002709000000,  -1.64000,
,,,0.002710000000,  -1.64000,
,,,0.002711000000,  -1.64000,
,,,0.002712000000,  -1.64000,
,,,0.002713000000,  -1.60000,
,,,0.002714000000,  -1.60000,
,,,0.002715000000,  -1.60000,
,,,0.002716000000,  -1.60000,
,,,0.002717000000,  -1.60000,
,,,0.002718000000,  -1.60000,
,,,0.002719000000,  -1.60000,
,,,0.002720000000,  -1.60000,
,,,0.002721000000,  -1.60000,
,,,0.002722000000,  -1.56000,
,,,0.002723000000,  -1.56000,
,,,0.002724000000,  -1.56000,
,,,0.002725000000,  -1.56000,
,,,0.002726000000,  -1.52000,
,,,0.002727000000,  -1.52000,
,,,0.002728000000,  -1.52000,
,,,0.002729000000,  -1.52000,
,,,0.002730000000,  -1.48000,
,,,0.002731000000,  -1.48000,
,,,0.002732000000,  -1.48000,
,,,0.002733000000,  -1.48000,
,,,0.002734000000,  -1.48000,
,,,0.002735000000,  -1.48000,
,,,0.002736000000,  -1.48000,
,,,0.002737000000,  -1.44000,
,,,0.002738000000,  -1.44000,
,,,0.002739000000,  -1.44000,
,,,0.002740000000,  -1.44000,
,,,0.002741000000,  -1.44000,
,,,0.002742000000,  -1.44000,
,,,0.002743000000,  -1.40000,
,,,0.002744000000,  -1.40000,
,,,0.002745000000,  -1.40000,
,,,0.002746000000,  -1.40000,
,,,0.002747000000,  -1.40000,
,,,0.002748000000,  -1.40000,
,,,0.002749000000,  -1.40000,
,,,0.002750000000,  -1.40000,
,,,0.002751000000,  -1.36000,
,,,0.002752000000,  -1.36000,
,,,0.002753000000,  -1.36000,
,,,0.002754000000,  -1.36000,
,,,0.002755000000,  -1.32000,
,,,0.002756000000,  -1.32000,
,,,0.002757000000,  -1.32000,
,,,0.002758000000,  -1.32000,
,,,0.002759000000,  -1.28000,
,,,0.002760000000,  -1.32000,
,,,0.002761000000,  -1.28000,
,,,0.002762000000,  -1.28000,
,,,0.002763000000,  -1.28000,
,,,0.002764000000,  -1.28000,
,,,0.002765000000,  -1.28000,
,,,0.002766000000,  -1.28000,
,,,0.002767000000,  -1.28000,
,,,0.002768000000,  -1.24000,
,,,0.002769000000,  -1.24000,
,,,0.002770000000,  -1.24000,
,,,0.002771000000,  -1.24000,
,,,0.002772000000,  -1.24000,
,,,0.002773000000,  -1.24000,
,,,0.002774000000,  -1.20000,
,,,0.002775000000,  -1.20000,
,,,0.002776000000,  -1.20000,
,,,0.002777000000,  -1.16000,
,,,0.002778000000,  -1.16000,
,,,0.002779000000,  -1.16000,
,,,0.002780000000,  -1.20000,
,,,0.002781000000,  -1.16000,
,,,0.002782000000,  -1.16000,
,,,0.002783000000,  -1.16000,
,,,0.002784000000,  -1.16000,
,,,0.002785000000,  -1.16000,
,,,0.002786000000,  -1.12000,
,,,0.002787000000,  -1.12000,
,,,0.002788000000,  -1.12000,
,,,0.002789000000,  -1.12000,
,,,0.002790000000,  -1.08000,
,,,0.002791000000,  -1.12000,
,,,0.002792000000,  -1.08000,
,,,0.002793000000,  -1.08000,
,,,0.002794000000,  -1.08000,
,,,0.002795000000,  -1.08000,
,,,0.002796000000,  -1.04000,
,,,0.002797000000,  -1.04000,
,,,0.002798000000,  -1.04000,
,,,0.002799000000,  -1.04000,
,,,0.002800000000,  -1.04000,
,,,0.002801000000,  -1.04000,
,,,0.002802000000,  -1.04000,
,,,0.002803000000,  -1.00000,
,,,0.002804000000,  -1.04000,
,,,0.002805000000,  -1.00000,
,,,0.002806000000,  -1.00000,
,,,0.002807000000,  -1.00000,
,,,0.002808000000,  -1.00000,
,,,0.002809000000,  -0.96000,
